-- Backup criado em: 2025-11-27T20:01:45.228Z
-- Banco de dados: clientes_clientes
-- Gerado por: Sistema de Backup Automatizado

SET FOREIGN_KEY_CHECKS=0;

-- Estrutura da tabela `action_log`
DROP TABLE IF EXISTS `action_log`;
CREATE TABLE `action_log` (
  `id` int(11) NOT NULL AUTO_INCREMENT,
  `action_type` varchar(50) NOT NULL COMMENT 'Ex: UPDATE_CLIENT, DELETE_CLIENT, ADJUST_DATE, CHANGE_STATUS',
  `client_id` int(11) DEFAULT NULL COMMENT 'ID do cliente afetado (se aplicável)',
  `details` text DEFAULT NULL COMMENT 'Descrição da ação, ex: Campo X mudou de Y para Z',
  `timestamp` timestamp NOT NULL DEFAULT current_timestamp(),
  `user_id` int(11) DEFAULT NULL COMMENT 'ID do usuário que realizou a ação (se autenticação estiver implementada)',
  `revertable` tinyint(1) DEFAULT 0 COMMENT 'Indica se esta ação pode ser revertida',
  `reverted` tinyint(1) DEFAULT 0 COMMENT 'Indica se esta ação já foi revertida',
  `original_data` longtext CHARACTER SET utf8mb4 COLLATE utf8mb4_bin DEFAULT NULL COMMENT 'Dados originais antes da alteração (para reversão)' CHECK (json_valid(`original_data`)),
  PRIMARY KEY (`id`),
  KEY `idx_timestamp` (`timestamp`),
  KEY `idx_action_log_user` (`user_id`),
  KEY `idx_action_log_client` (`client_id`),
  KEY `idx_action_log_action_type` (`action_type`),
  CONSTRAINT `fk_action_log_user` FOREIGN KEY (`user_id`) REFERENCES `users` (`id`) ON DELETE CASCADE ON UPDATE CASCADE,
  CONSTRAINT `fk_log_cliente` FOREIGN KEY (`client_id`) REFERENCES `clientes` (`id`) ON DELETE SET NULL ON UPDATE CASCADE
) ENGINE=InnoDB AUTO_INCREMENT=375 DEFAULT CHARSET=utf8mb4 COLLATE=utf8mb4_unicode_ci;

-- Dados da tabela `action_log`
INSERT INTO `action_log` VALUES
(1, 'UPDATE_CLIENT', 68, 'Cliente "Matheus ind JV ok" (ID: 68) atualizado. Mudanças: Nome: ''Matheus ind JV'' -> ''Matheus ind JV ok''.', '2025-10-25 22:54:24', NULL, 1, 1, '{"id":68,"name":"Matheus ind JV","vencimento":"2025-10-25T03:00:00.000Z","servico":"Elite","whatsapp":"+5584994574035","observacoes":"","status":"Pag. em dias","valor_cobrado":"20.00","custo":"11.00"}'),
(2, 'CREATE_CLIENT', NULL, 'Cliente "11111" criado.', '2025-10-25 22:54:34', NULL, 0, 0, NULL),
(3, 'CREATE_CLIENT', NULL, 'Cliente "222222" criado.', '2025-10-25 22:54:43', NULL, 0, 0, NULL),
(4, 'DELETE_CLIENT', NULL, 'Cliente "222222" (ID: 248) excluído.', '2025-10-25 22:54:52', NULL, 1, 1, '{"id":248,"name":"222222","vencimento":"2025-10-25T03:00:00.000Z","servico":"Core","whatsapp":"55","observacoes":"","status":null,"valor_cobrado":"15.00","custo":"6.00"}'),
(5, 'CHANGE_STATUS', NULL, 'Status do cliente "11111" (ID: 247) alterado de "null" para "Pag. em dias".', '2025-10-25 22:59:11', NULL, 1, 0, '{"status":null}'),
(6, 'REVERT_ACTION', NULL, 'Ação ID 4 (DELETE_CLIENT) foi revertida. Cliente "222222" (original ID: 248) restaurado a partir da exclusão.', '2025-10-25 23:05:16', NULL, 0, 0, NULL),
(7, 'DELETE_CLIENT', NULL, 'Cliente "222222" (ID: 249) excluído.', '2025-10-25 23:05:26', NULL, 1, 0, '{"id":249,"name":"222222","vencimento":"2025-10-25T03:00:00.000Z","servico":"Core","whatsapp":"55","observacoes":"","status":null,"valor_cobrado":"15.00","custo":"6.00"}'),
(8, 'REVERT_ACTION', 68, 'Ação ID 1 (UPDATE_CLIENT) foi revertida. Atualização do cliente "Matheus ind JV" (ID: 68) revertida.', '2025-10-25 23:05:36', NULL, 0, 0, NULL),
(9, 'ADJUST_DATE', 219, 'Vencimento do cliente "Janaina f." (ID: 219) ajustado em 1 MONTH(s). (2025-10-29 -> 2025-11-29)', '2025-10-25 23:06:16', NULL, 1, 1, '{"vencimento":"2025-10-29"}'),
(10, 'REVERT_ACTION', 219, 'Ação ID 9 (ADJUST_DATE) foi revertida. Ajuste de data do cliente (ID: 219) revertido para "2025-10-29".', '2025-10-25 23:06:41', NULL, 0, 0, NULL),
(11, 'UPDATE_CLIENT', 68, 'Cliente "Matheus ind JV" (ID: 68) atualizado. Mudanças: Serviço: ''Elite'' -> ''UniTv''.', '2025-10-25 23:10:23', NULL, 1, 1, '{"id":68,"name":"Matheus ind JV","vencimento":"2025-10-25T03:00:00.000Z","servico":"Elite","whatsapp":"+5584994574035","observacoes":"","status":"Pag. em dias","valor_cobrado":"20.00","custo":"11.00"}'),
(12, 'REVERT_ACTION', 68, 'Ação ID 11 (UPDATE_CLIENT) foi revertida. Atualização do cliente "Matheus ind JV" (ID: 68) revertida.', '2025-10-25 23:10:27', NULL, 0, 0, NULL),
(13, 'DELETE_CLIENT', NULL, 'Cliente "11111" (ID: 247) excluído.', '2025-10-25 23:28:40', NULL, 1, 0, '{"id":247,"name":"11111","vencimento":"2025-10-25T00:00:00.000Z","servico":"Core","whatsapp":"55","observacoes":"","status":"Pag. em dias","valor_cobrado":"15.00","custo":"6.00"}'),
(14, 'ADJUST_DATE', 64, 'Vencimento do cliente "Rita + hamilton" (ID: 64) ajustado em 1 MONTH(s). (2025-10-22 -> 2025-11-22)', '2025-10-26 01:28:32', NULL, 1, 0, '{"vencimento":"2025-10-22"}'),
(15, 'CHANGE_STATUS', 64, 'Status do cliente "Rita + hamilton" (ID: 64) alterado de "cobrança feita" para "Pag. em dias".', '2025-10-26 01:28:54', NULL, 1, 0, '{"status":"cobrança feita"}'),
(16, 'CHANGE_STATUS', 230, 'Status do cliente "Padrasto de Pedro " (ID: 230) alterado de "cobrança feita" para "Pag. em dias".', '2025-10-26 01:29:18', NULL, 1, 0, '{"status":"cobrança feita"}'),
(17, 'CHANGE_STATUS', 66, 'Status do cliente "victor ind marcos " (ID: 66) alterado de "cobrança feita" para "Pag. em dias".', '2025-10-26 01:29:21', NULL, 1, 0, '{"status":"cobrança feita"}'),
(18, 'ADJUST_DATE', 69, 'Vencimento do cliente "estefane + mãe" (ID: 69) ajustado em 1 MONTH(s). (2025-10-25 -> 2025-11-25)', '2025-10-26 12:07:04', NULL, 1, 0, '{"vencimento":"2025-10-25"}'),
(19, 'UPDATE_CLIENT', 226, 'Cliente "Antônio filho ind ilton" (ID: 226) atualizado. Mudanças: Vencimento: ''2025-10-25'' -> ''2025-10-27''.', '2025-10-26 12:08:06', NULL, 1, 0, '{"id":226,"name":"Antônio filho ind ilton","vencimento":"2025-10-25T00:00:00.000Z","servico":"Core","whatsapp":"+5575981157862","observacoes":"","status":"Pag. em dias","valor_cobrado":"30.00","custo":"10.00"}'),
(20, 'ADJUST_DATE', 186, 'Vencimento do cliente "outro marcio" (ID: 186) ajustado em 1 MONTH(s). (2025-10-26 -> 2025-11-26)', '2025-10-26 12:08:46', NULL, 1, 1, '{"vencimento":"2025-10-26"}'),
(21, 'REVERT_ACTION', 186, 'Ação ID 20 (ADJUST_DATE) foi revertida. Ajuste de data do cliente (ID: 186) revertido para "2025-10-26".', '2025-10-26 12:08:48', NULL, 0, 0, NULL),
(22, 'UPDATE_CLIENT', 93, 'Cliente "pai de joabe" (ID: 93) atualizado. Mudanças: Nome: ''pai de joabe + joabe'' -> ''pai de joabe''.', '2025-10-26 12:21:10', NULL, 1, 0, '{"id":93,"name":"pai de joabe + joabe","vencimento":"2025-10-04T00:00:00.000Z","servico":"Core","whatsapp":"+5588988888888","observacoes":"","status":"Não pagou","valor_cobrado":"10.00","custo":"10.00"}'),
(23, 'CREATE_CLIENT', NULL, 'Cliente "222" criado.', '2025-10-26 17:35:44', NULL, 0, 0, NULL),
(24, 'UPDATE_CONFIG', NULL, 'Mensagem padrão atualizada.', '2025-10-26 17:35:50', NULL, 0, 0, NULL),
(25, 'CHANGE_STATUS', NULL, 'Status do cliente "222" (ID: 250) alterado de "null" para "Pag. em dias".', '2025-10-26 17:36:07', NULL, 1, 0, '{"status":null}'),
(26, 'DELETE_CLIENT', NULL, 'Cliente "222" (ID: 250) excluído.', '2025-10-26 17:36:11', NULL, 1, 0, '{"id":250,"name":"222","vencimento":"2025-10-26T00:00:00.000Z","servico":"Core","whatsapp":"55","observacoes":"","status":"Pag. em dias","valor_cobrado":"15.00","custo":"6.00"}'),
(27, 'UPDATE_CLIENT', 141, 'Cliente "gelson" (ID: 141) atualizado.', '2025-10-26 17:43:59', NULL, 1, 0, '{"id":141,"name":"gelson","vencimento":"2025-10-26T00:00:00.000Z","servico":"Fire","whatsapp":"+5588988888888","observacoes":"","status":"Pag. em dias","valor_cobrado":"20.00","custo":"6.00"}'),
(28, 'CREATE_CLIENT', NULL, 'Cliente "rerrerrre" criado.', '2025-10-26 18:01:35', NULL, 0, 0, NULL),
(29, 'DELETE_CLIENT', NULL, 'Cliente "rerrerrre" (ID: 251) excluído.', '2025-10-26 18:01:41', NULL, 1, 0, '{"id":251,"name":"rerrerrre","vencimento":"2025-10-26T00:00:00.000Z","servico":"Serviço Padrão","whatsapp":"558899999999999999","observacoes":"","status":null,"valor_cobrado":"15.00","custo":"6.00"}'),
(30, 'CREATE_CLIENT', NULL, 'Cliente "teste 1" criado.', '2025-10-26 18:12:55', NULL, 0, 0, NULL),
(31, 'CHANGE_STATUS', NULL, 'Status do cliente "teste 1" (ID: 252) alterado de "null" para "Pag. em dias".', '2025-10-26 18:13:17', NULL, 1, 0, '{"status":null}'),
(32, 'CHANGE_STATUS', NULL, 'Status do cliente "teste 1" (ID: 252) alterado de "Pag. em dias" para "cobrança feita".', '2025-10-26 18:13:20', NULL, 1, 0, '{"status":"Pag. em dias"}'),
(33, 'CHANGE_STATUS', NULL, 'Status do cliente "teste 1" (ID: 252) alterado de "cobrança feita" para "Não pagou".', '2025-10-26 18:13:23', NULL, 1, 0, '{"status":"cobrança feita"}'),
(34, 'CHANGE_STATUS', NULL, 'Status do cliente "teste 1" (ID: 252) alterado de "Não pagou" para "cobrança feita".', '2025-10-26 18:13:26', NULL, 1, 0, '{"status":"Não pagou"}'),
(35, 'DELETE_CLIENT', NULL, 'Cliente "teste 1" (ID: 252) excluído.', '2025-10-26 18:13:31', NULL, 1, 0, '{"id":252,"name":"teste 1","vencimento":"2025-10-26T00:00:00.000Z","servico":"Core","whatsapp":"55889888888","observacoes":"","status":"cobrança feita","valor_cobrado":"15.00","custo":"6.00"}'),
(36, 'CREATE_CLIENT', NULL, 'Cliente "Teste" criado.', '2025-10-26 19:32:36', NULL, 0, 0, NULL),
(37, 'DELETE_CLIENT', NULL, 'Cliente "Teste" (ID: 253) excluído.', '2025-10-26 19:32:46', NULL, 1, 0, '{"id":253,"name":"Teste","vencimento":"2025-10-26T00:00:00.000Z","servico":"Core","whatsapp":"5588988888888","observacoes":"","status":null,"valor_cobrado":"15.00","custo":"6.00"}'),
(38, 'CREATE_CLIENT', NULL, 'Cliente "222222" criado.', '2025-10-27 00:16:30', NULL, 0, 0, NULL),
(39, 'UPDATE_CLIENT', NULL, 'Cliente "222222" (ID: 254) atualizado. Mudanças: Serviço: ''Core'' -> ''22222''.', '2025-10-27 00:16:44', NULL, 1, 0, '{"id":254,"name":"222222","vencimento":"2025-10-27T03:00:00.000Z","servico":"Core","whatsapp":"5588988888888","observacoes":"","status":null,"valor_cobrado":"15.00","custo":"6.00"}'),
(40, 'UPDATE_CLIENT', NULL, 'Cliente "222222" (ID: 254) atualizado. Mudanças: Serviço: ''22222144'' -> ''Core''.', '2025-10-27 00:50:16', NULL, 1, 0, '{"id":254,"name":"222222","vencimento":"2025-10-27T03:00:00.000Z","servico":"22222144","whatsapp":"5588988888888","observacoes":"","status":null,"valor_cobrado":"15.00","custo":"6.00"}'),
(41, 'UPDATE_CLIENT', NULL, 'Cliente "222222" (ID: 254) atualizado. Mudanças: Serviço: ''Core'' -> ''Teste''.', '2025-10-27 01:01:27', NULL, 1, 0, '{"id":254,"name":"222222","vencimento":"2025-10-27T00:00:00.000Z","servico":"Core","whatsapp":"5588988888888","observacoes":"","status":null,"valor_cobrado":"15.00","custo":"6.00"}'),
(42, 'DELETE_CLIENT', NULL, 'Cliente "222222" (ID: 254) excluído.', '2025-10-27 01:01:53', NULL, 1, 0, '{"id":254,"name":"222222","vencimento":"2025-10-27T00:00:00.000Z","servico":"Teste","whatsapp":"5588988888888","observacoes":"","status":null,"valor_cobrado":"15.00","custo":"6.00"}'),
(43, 'ADJUST_DATE', 226, 'Vencimento do cliente "Antônio filho ind ilton" (ID: 226) ajustado em 1 MONTH(s). (2025-10-27 -> 2025-11-27)', '2025-10-27 14:32:39', NULL, 1, 0, '{"vencimento":"2025-10-27"}'),
(44, 'UPDATE_CLIENT', 222, 'Cliente "vinicius santana" (ID: 222) atualizado. Mudanças: Nome: ''vinicius'' -> ''vinicius santana''.', '2025-10-27 14:48:36', NULL, 1, 0, '{"id":222,"name":"vinicius","vencimento":"2025-10-07T00:00:00.000Z","servico":"Core","whatsapp":"+5545999410948","observacoes":"","status":"cobrança feita","valor_cobrado":"30.00","custo":"10.00"}'),
(45, 'ADJUST_DATE', 222, 'Vencimento do cliente "vinicius santana" (ID: 222) ajustado em 1 MONTH(s). (2025-10-07 -> 2025-11-07)', '2025-10-27 14:48:39', NULL, 1, 0, '{"vencimento":"2025-10-07"}'),
(46, 'CHANGE_STATUS', 222, 'Status do cliente "vinicius santana" (ID: 222) alterado de "cobrança feita" para "Pag. em dias".', '2025-10-27 14:48:44', NULL, 1, 0, '{"status":"cobrança feita"}'),
(47, 'UPDATE_CLIENT', 175, 'Cliente "Glaucilene" (ID: 175) atualizado. Mudanças: Serviço: ''Elite+core'' -> ''Elite''.', '2025-10-27 14:58:36', NULL, 1, 0, '{"id":175,"name":"Glaucilene","vencimento":"2025-11-10T00:00:00.000Z","servico":"Elite+core","whatsapp":"+5521975779726","observacoes":"","status":"Pag. em dias","valor_cobrado":"40.00","custo":"22.00"}'),
(48, 'UPDATE_CLIENT', 225, 'Cliente "Jeana" (ID: 225) atualizado. Mudanças: Serviço: ''Elite + Core'' -> ''Elite''.', '2025-10-27 14:58:52', NULL, 1, 0, '{"id":225,"name":"Jeana","vencimento":"2025-11-10T00:00:00.000Z","servico":"Elite + Core","whatsapp":"+5521968232030","observacoes":"","status":"Pag. em dias","valor_cobrado":"35.00","custo":"16.50"}'),
(49, 'ADJUST_DATE', 93, 'Vencimento do cliente "pai de joabe" (ID: 93) ajustado em 1 MONTH(s). (2025-10-04 -> 2025-11-04) Status alterado de "Não pagou" para "Pag. em dias".', '2025-10-27 15:20:55', NULL, 1, 0, '{"vencimento":"2025-10-04","status":"Não pagou"}'),
(50, 'ADJUST_DATE', 93, 'Vencimento do cliente "pai de joabe" (ID: 93) ajustado em -1 MONTH(s). (2025-11-04 -> 2025-10-04)', '2025-10-27 15:21:11', NULL, 1, 0, '{"vencimento":"2025-11-04","status":"Pag. em dias"}'),
(51, 'CHANGE_STATUS', 93, 'Status do cliente "pai de joabe" (ID: 93) alterado de "Pag. em dias" para "Não pagou".', '2025-10-27 15:21:23', NULL, 1, 0, '{"status":"Pag. em dias"}'),
(52, 'ADJUST_DATE', 141, 'Vencimento do cliente "gelson" (ID: 141) ajustado em 1 MONTH(s). (2025-10-26 -> 2025-11-26)', '2025-10-27 15:31:03', NULL, 1, 0, '{"vencimento":"2025-10-26","status":"Pag. em dias"}'),
(53, 'CHANGE_STATUS', 224, 'Status do cliente "Filho de Eladio" (ID: 224) alterado de "Não pagou" para "cobrança feita".', '2025-10-27 15:32:30', NULL, 1, 0, '{"status":"Não pagou"}'),
(54, 'CHANGE_STATUS', 224, 'Status do cliente "Filho de Eladio" (ID: 224) alterado de "cobrança feita" para "Não pagou".', '2025-10-27 15:32:33', NULL, 1, 0, '{"status":"cobrança feita"}'),
(55, 'UPDATE_CONFIG', NULL, 'Mensagem de vencido atualizada.', '2025-10-27 17:34:29', NULL, 0, 0, NULL),
(56, 'ADJUST_DATE', 232, 'Vencimento do cliente "Isael ind kelky2" (ID: 232) ajustado em 1 MONTH(s). (2025-10-26 -> 2025-11-26)', '2025-10-27 17:36:23', NULL, 1, 0, '{"vencimento":"2025-10-26","status":"Pag. em dias"}'),
(57, 'ADJUST_DATE', 186, 'Vencimento do cliente "outro marcio" (ID: 186) ajustado em 1 MONTH(s). (2025-10-26 -> 2025-11-26)', '2025-10-27 17:36:39', NULL, 1, 0, '{"vencimento":"2025-10-26","status":"Pag. em dias"}'),
(58, 'UPDATE_CLIENT', 26, 'Cliente "vera slir" (ID: 26) atualizado. Mudanças: Vencimento: ''2025-10-07'' -> ''2025-11-05''.', '2025-10-27 17:49:44', NULL, 1, 0, '{"id":26,"name":"vera slir","vencimento":"2025-10-07T00:00:00.000Z","servico":"Fire","whatsapp":"+5521992135268","observacoes":"Venc original dia 7","status":"cobrança feita","valor_cobrado":"30.00","custo":"6.00"}'),
(59, 'CREATE_CLIENT', 255, 'Cliente "Alan amigo de carlos" criado.', '2025-10-27 17:51:00', NULL, 0, 0, NULL),
(60, 'ADJUST_DATE', 255, 'Vencimento do cliente "Alan amigo de carlos" (ID: 255) ajustado em 1 MONTH(s). (2025-10-27 -> 2025-11-27) Status alterado de "null" para "Pag. em dias".', '2025-10-27 17:51:28', NULL, 1, 0, '{"vencimento":"2025-10-27","status":null}'),
(61, 'ADJUST_DATE', 246, 'Vencimento do cliente "Sayonara Suassuna" (ID: 246) ajustado em 1 MONTH(s). (2025-10-25 -> 2025-11-25)', '2025-10-27 18:29:31', NULL, 1, 0, '{"vencimento":"2025-10-25","status":"Pag. em dias"}'),
(62, 'CHANGE_STATUS', 26, 'Status do cliente "vera slir" (ID: 26) alterado de "cobrança feita" para "Pag. em dias".', '2025-10-27 21:01:56', NULL, 1, 0, '{"status":"cobrança feita"}'),
(63, 'CHANGE_STATUS', 176, 'Status do cliente "Arthur ind victor Juliana paga " (ID: 176) alterado de "cobrança feita" para "Não pagou".', '2025-10-27 21:02:10', NULL, 1, 0, '{"status":"cobrança feita"}'),
(64, 'CHANGE_STATUS', 109, 'Status do cliente "Rayssa ind ant" (ID: 109) alterado de "cobrança feita" para "Não pagou".', '2025-10-27 21:02:24', NULL, 1, 0, '{"status":"cobrança feita"}'),
(65, 'CHANGE_STATUS', 216, 'Status do cliente "Josilane + tela silvana" (ID: 216) alterado de "cobrança feita" para "Não pagou".', '2025-10-27 21:02:27', NULL, 1, 0, '{"status":"cobrança feita"}'),
(66, 'CHANGE_STATUS', 68, 'Status do cliente "Matheus ind JV" (ID: 68) alterado de "Pag. em dias" para "cobrança feita".', '2025-10-27 21:03:43', NULL, 1, 0, '{"status":"Pag. em dias"}'),
(67, 'CHANGE_STATUS', 178, 'Status do cliente "Matheus ind JV" (ID: 178) alterado de "Pag. em dias" para "cobrança feita".', '2025-10-27 21:03:44', NULL, 1, 0, '{"status":"Pag. em dias"}'),
(68, 'CHANGE_STATUS', 178, 'Status do cliente "Matheus ind JV" (ID: 178) alterado de "cobrança feita" para "Pag. em dias".', '2025-10-27 21:03:55', NULL, 1, 0, '{"status":"cobrança feita"}'),
(69, 'CHANGE_STATUS', 68, 'Status do cliente "Matheus ind JV" (ID: 68) alterado de "cobrança feita" para "Pag. em dias".', '2025-10-27 21:03:57', NULL, 1, 0, '{"status":"cobrança feita"}'),
(70, 'CHANGE_STATUS', 171, 'Status do cliente "Francielly " (ID: 171) alterado de "cobrança feita" para "Não pagou".', '2025-10-27 21:13:19', NULL, 1, 0, '{"status":"cobrança feita"}'),
(71, 'CHANGE_STATUS', 68, 'Status do cliente "Matheus ind JV" (ID: 68) alterado de "Pag. em dias" para "cobrança feita".', '2025-10-27 21:17:10', NULL, 1, 0, '{"status":"Pag. em dias"}'),
(72, 'CHANGE_STATUS', 68, 'Status do cliente "Matheus ind JV" (ID: 68) alterado de "cobrança feita" para "Pag. em dias".', '2025-10-27 21:17:57', NULL, 1, 0, '{"status":"cobrança feita"}'),
(73, 'CHANGE_STATUS', 59, 'Status do cliente "Ana jhully ind jv" (ID: 59) alterado de "cobrança feita" para "Pag. em dias".', '2025-10-27 21:18:09', NULL, 1, 0, '{"status":"cobrança feita"}'),
(74, 'CHANGE_STATUS', 59, 'Status do cliente "Ana jhully ind jv" (ID: 59) alterado de "Pag. em dias" para "cobrança feita".', '2025-10-27 21:18:13', NULL, 1, 0, '{"status":"Pag. em dias"}'),
(75, 'CHANGE_STATUS', 59, 'Status do cliente "Ana jhully ind jv" (ID: 59) alterado de "cobrança feita" para "Não pagou".', '2025-10-27 21:18:22', NULL, 1, 0, '{"status":"cobrança feita"}'),
(76, 'CHANGE_STATUS', 176, 'Status do cliente "Arthur ind victor Juliana paga " (ID: 176) alterado de "Não pagou" para "cobrança feita".', '2025-10-27 21:20:44', NULL, 1, 0, '{"status":"Não pagou"}'),
(77, 'CHANGE_STATUS', 59, 'Status do cliente "Ana jhully ind jv" (ID: 59) alterado de "Não pagou" para "cobrança feita".', '2025-10-27 21:38:52', NULL, 1, 0, '{"status":"Não pagou"}'),
(78, 'CHANGE_STATUS', 171, 'Status do cliente "Francielly " (ID: 171) alterado de "Não pagou" para "cobrança feita".', '2025-10-27 21:38:58', NULL, 1, 0, '{"status":"Não pagou"}'),
(79, 'CHANGE_STATUS', 171, 'Status do cliente "Francielly " (ID: 171) alterado de "cobrança feita" para "Não pagou".', '2025-10-27 21:39:04', NULL, 1, 0, '{"status":"cobrança feita"}'),
(80, 'CHANGE_STATUS', 59, 'Status do cliente "Ana jhully ind jv" (ID: 59) alterado de "cobrança feita" para "Não pagou".', '2025-10-27 21:39:07', NULL, 1, 0, '{"status":"cobrança feita"}'),
(81, 'CHANGE_STATUS', 176, 'Status do cliente "Arthur ind victor Juliana paga " (ID: 176) alterado de "cobrança feita" para "Não pagou".', '2025-10-27 21:51:01', NULL, 1, 0, '{"status":"cobrança feita"}'),
(82, 'CHANGE_STATUS', 68, 'Status do cliente "Matheus ind JV" (ID: 68) alterado de "Pag. em dias" para "cobrança feita".', '2025-10-27 21:51:10', NULL, 1, 0, '{"status":"Pag. em dias"}'),
(83, 'CHANGE_STATUS', 178, 'Status do cliente "Matheus ind JV" (ID: 178) alterado de "Pag. em dias" para "cobrança feita".', '2025-10-27 21:51:10', NULL, 1, 0, '{"status":"Pag. em dias"}'),
(84, 'CHANGE_STATUS', 179, 'Status do cliente "Matheus ind JV" (ID: 179) alterado de "Pag. em dias" para "cobrança feita".', '2025-10-27 21:51:11', NULL, 1, 0, '{"status":"Pag. em dias"}'),
(85, 'UPDATE_CLIENT', 219, 'Cliente "Janaina f." (ID: 219) atualizado.', '2025-10-28 18:32:30', NULL, 1, 0, '{"id":219,"name":"Janaina f.","vencimento":"2025-10-29T00:00:00.000Z","servico":"Core","whatsapp":"21968395175","observacoes":"","status":"Pag. em dias","valor_cobrado":"20.00","custo":"5.00"}'),
(86, 'ADJUST_DATE', 77, 'Vencimento do cliente "Patricio" (ID: 77) ajustado em 1 MONTH(s). (2025-11-01 -> 2025-12-01)', '2025-10-28 18:32:49', NULL, 1, 0, '{"vencimento":"2025-11-01","status":"Pag. em dias"}'),
(87, 'ADJUST_DATE', 76, 'Vencimento do cliente "lueide Patricio" (ID: 76) ajustado em 1 MONTH(s). (2025-11-01 -> 2025-12-01)', '2025-10-28 18:32:57', NULL, 1, 0, '{"vencimento":"2025-11-01","status":"Pag. em dias"}'),
(88, 'CREATE_CLIENT', 256, 'Cliente "Luana Lopes" criado.', '2025-10-28 20:48:48', NULL, 0, 0, NULL),
(89, 'ADJUST_DATE', 199, 'Vencimento do cliente "Denise fernandes" (ID: 199) ajustado em 1 MONTH(s). (2025-10-28 -> 2025-11-28)', '2025-10-29 21:48:34', NULL, 1, 0, '{"vencimento":"2025-10-28","status":"Pag. em dias"}'),
(90, 'ADJUST_DATE', 81, 'Vencimento do cliente "pai e mae de taynara" (ID: 81) ajustado em 1 MONTH(s). (2025-11-01 -> 2025-12-01)', '2025-11-01 22:31:16', NULL, 1, 0, '{"vencimento":"2025-11-01","status":"Pag. em dias"}'),
(91, 'ADJUST_DATE', 82, 'Vencimento do cliente "taynara" (ID: 82) ajustado em 1 MONTH(s). (2025-11-01 -> 2025-12-01)', '2025-11-01 22:31:19', NULL, 1, 0, '{"vencimento":"2025-11-01","status":"Pag. em dias"}'),
(92, 'CHANGE_STATUS', 85, 'Status do cliente "gerlane" (ID: 85) alterado de "Pag. em dias" para "cobrança feita".', '2025-11-02 23:19:47', NULL, 1, 0, '{"status":"Pag. em dias"}'),
(93, 'CHANGE_STATUS', 48, 'Status do cliente "Fabio Quintanilha" (ID: 48) alterado de "Pag. em dias" para "cobrança feita".', '2025-11-02 23:19:55', NULL, 1, 0, '{"status":"Pag. em dias"}'),
(94, 'CHANGE_STATUS', 203, 'Status do cliente "Pedro costa" (ID: 203) alterado de "Pag. em dias" para "cobrança feita".', '2025-11-02 23:20:05', NULL, 1, 0, '{"status":"Pag. em dias"}'),
(95, 'CHANGE_STATUS', 218, 'Status do cliente "Jucelino + luciano" (ID: 218) alterado de "Pag. em dias" para "cobrança feita".', '2025-11-02 23:20:22', NULL, 1, 0, '{"status":"Pag. em dias"}'),
(96, 'CHANGE_STATUS', 234, 'Status do cliente "Marcelo irm de Carlos" (ID: 234) alterado de "Pag. em dias" para "cobrança feita".', '2025-11-02 23:20:30', NULL, 1, 0, '{"status":"Pag. em dias"}'),
(97, 'CHANGE_STATUS', 189, 'Status do cliente "kathellyn" (ID: 189) alterado de "Pag. em dias" para "cobrança feita".', '2025-11-02 23:21:00', NULL, 1, 0, '{"status":"Pag. em dias"}'),
(98, 'CHANGE_STATUS', 63, 'Status do cliente "lucinha (ricardo)" (ID: 63) alterado de "Pag. em dias" para "cobrança feita".', '2025-11-02 23:21:09', NULL, 1, 0, '{"status":"Pag. em dias"}'),
(99, 'ADJUST_DATE', 68, 'Vencimento do cliente "Matheus ind JV" (ID: 68) ajustado em 1 MONTH(s). (2025-10-25 -> 2025-11-25) Status alterado de "cobrança feita" para "Pag. em dias".', '2025-11-03 00:16:06', NULL, 1, 0, '{"vencimento":"2025-10-25","status":"cobrança feita"}'),
(100, 'ADJUST_DATE', 178, 'Vencimento do cliente "Matheus ind JV" (ID: 178) ajustado em 1 MONTH(s). (2025-10-25 -> 2025-11-25) Status alterado de "cobrança feita" para "Pag. em dias".', '2025-11-03 00:16:08', NULL, 1, 0, '{"vencimento":"2025-10-25","status":"cobrança feita"}'),
(101, 'ADJUST_DATE', 179, 'Vencimento do cliente "Matheus ind JV" (ID: 179) ajustado em 1 MONTH(s). (2025-10-25 -> 2025-11-25) Status alterado de "cobrança feita" para "Pag. em dias".', '2025-11-03 00:16:09', NULL, 1, 0, '{"vencimento":"2025-10-25","status":"cobrança feita"}'),
(102, 'ADJUST_DATE', 173, 'Vencimento do cliente "Adriene" (ID: 173) ajustado em 1 MONTH(s). (2025-11-01 -> 2025-12-01)', '2025-11-03 00:16:17', NULL, 1, 0, '{"vencimento":"2025-11-01","status":"Pag. em dias"}'),
(103, 'UPDATE_CLIENT', 219, 'Cliente "Janaina f." (ID: 219) atualizado. Mudanças: Vencimento: ''2025-10-29'' -> ''2025-11-08''.', '2025-11-03 00:16:53', NULL, 1, 0, '{"id":219,"name":"Janaina f.","vencimento":"2025-10-29T00:00:00.000Z","servico":"Core","whatsapp":"+5521968395175","observacoes":"","status":"Pag. em dias","valor_cobrado":"20.00","custo":"5.00"}'),
(104, 'ADJUST_DATE', 189, 'Vencimento do cliente "kathellyn" (ID: 189) ajustado em 1 MONTH(s). (2025-11-03 -> 2025-12-03) Status alterado de "cobrança feita" para "Pag. em dias".', '2025-11-03 00:17:13', NULL, 1, 0, '{"vencimento":"2025-11-03","status":"cobrança feita"}'),
(105, 'ADJUST_DATE', 143, 'Vencimento do cliente "Larissa tv box" (ID: 143) ajustado em 1 MONTH(s). (2025-11-01 -> 2025-12-01)', '2025-11-03 20:23:08', NULL, 1, 0, '{"vencimento":"2025-11-01","status":"Pag. em dias"}'),
(106, 'ADJUST_DATE', 174, 'Vencimento do cliente "Natanael ind bc" (ID: 174) ajustado em 1 MONTH(s). (2025-11-01 -> 2025-12-01)', '2025-11-03 20:25:32', NULL, 1, 0, '{"vencimento":"2025-11-01","status":"Pag. em dias"}'),
(107, 'ADJUST_DATE', 79, 'Vencimento do cliente "Carlos Baptista ind silv" (ID: 79) ajustado em 1 MONTH(s). (2025-11-01 -> 2025-12-01)', '2025-11-03 20:27:22', NULL, 1, 0, '{"vencimento":"2025-11-01","status":"Pag. em dias"}'),
(108, 'UPDATE_CLIENT', 218, 'Cliente "Jucelino" (ID: 218) atualizado. Mudanças: Nome: ''Jucelino + luciano'' -> ''Jucelino''.', '2025-11-03 20:31:30', NULL, 1, 0, '{"id":218,"name":"Jucelino + luciano","vencimento":"2025-11-02T00:00:00.000Z","servico":"Core","whatsapp":"+5511947086320","observacoes":"","status":"cobrança feita","valor_cobrado":"40.00","custo":"10.00"}'),
(109, 'CREATE_CLIENT', 257, 'Cliente "Luciano de juscelino" criado.', '2025-11-03 20:31:57', NULL, 0, 0, NULL),
(110, 'CHANGE_STATUS', 34, 'Status do cliente "vanessa + sogra +filha" (ID: 34) alterado de "Pag. em dias" para "Não pagou".', '2025-11-03 20:32:12', NULL, 1, 0, '{"status":"Pag. em dias"}'),
(111, 'CHANGE_STATUS', 229, 'Status do cliente "Jonathan ind edu barba" (ID: 229) alterado de "Pag. em dias" para "Não pagou".', '2025-11-03 20:32:14', NULL, 1, 0, '{"status":"Pag. em dias"}'),
(112, 'CHANGE_STATUS', 233, 'Status do cliente "Davi Oliveira" (ID: 233) alterado de "Pag. em dias" para "Não pagou".', '2025-11-03 20:32:17', NULL, 1, 0, '{"status":"Pag. em dias"}'),
(113, 'CHANGE_STATUS', 48, 'Status do cliente "Fabio Quintanilha" (ID: 48) alterado de "cobrança feita" para "Não pagou".', '2025-11-03 20:32:19', NULL, 1, 0, '{"status":"cobrança feita"}'),
(114, 'CHANGE_STATUS', 85, 'Status do cliente "gerlane" (ID: 85) alterado de "cobrança feita" para "Não pagou".', '2025-11-03 20:32:21', NULL, 1, 0, '{"status":"cobrança feita"}'),
(115, 'CHANGE_STATUS', 203, 'Status do cliente "Pedro costa" (ID: 203) alterado de "cobrança feita" para "Não pagou".', '2025-11-03 20:32:24', NULL, 1, 0, '{"status":"cobrança feita"}'),
(116, 'CHANGE_STATUS', 218, 'Status do cliente "Jucelino" (ID: 218) alterado de "cobrança feita" para "Não pagou".', '2025-11-03 20:32:25', NULL, 1, 0, '{"status":"cobrança feita"}'),
(117, 'CHANGE_STATUS', 234, 'Status do cliente "Marcelo irm de Carlos" (ID: 234) alterado de "cobrança feita" para "Não pagou".', '2025-11-03 20:32:27', NULL, 1, 0, '{"status":"cobrança feita"}'),
(118, 'ADJUST_DATE', 218, 'Vencimento do cliente "Jucelino" (ID: 218) ajustado em 1 MONTH(s). (2025-11-02 -> 2025-12-02) Status alterado de "Não pagou" para "Pag. em dias".', '2025-11-03 20:32:32', NULL, 1, 0, '{"vencimento":"2025-11-02","status":"Não pagou"}'),
(119, 'CHANGE_STATUS', 89, 'Status do cliente "Pedro rodrigues ind silv." (ID: 89) alterado de "Pag. em dias" para "cobrança feita".', '2025-11-03 20:33:24', NULL, 1, 0, '{"status":"Pag. em dias"}'),
(120, 'ADJUST_DATE', 90, 'Vencimento do cliente "pai + eu" (ID: 90) ajustado em 1 MONTH(s). (2025-11-04 -> 2025-12-04)', '2025-11-03 20:33:30', NULL, 1, 0, '{"vencimento":"2025-11-04","status":"Pag. em dias"}'),
(121, 'CHANGE_STATUS', 91, 'Status do cliente "elane" (ID: 91) alterado de "Pag. em dias" para "cobrança feita".', '2025-11-03 20:34:06', NULL, 1, 0, '{"status":"Pag. em dias"}'),
(122, 'CHANGE_STATUS', 149, 'Status do cliente "Monica ind eder" (ID: 149) alterado de "Pag. em dias" para "cobrança feita".', '2025-11-03 20:34:13', NULL, 1, 0, '{"status":"Pag. em dias"}'),
(123, 'CHANGE_STATUS', 152, 'Status do cliente "Filho de elane" (ID: 152) alterado de "Pag. em dias" para "cobrança feita".', '2025-11-03 20:34:23', NULL, 1, 0, '{"status":"Pag. em dias"}'),
(124, 'CHANGE_STATUS', 169, 'Status do cliente "wellington ind borão erick" (ID: 169) alterado de "Pag. em dias" para "cobrança feita".', '2025-11-03 20:34:31', NULL, 1, 0, '{"status":"Pag. em dias"}'),
(125, 'CHANGE_STATUS', 201, 'Status do cliente "Fabiola" (ID: 201) alterado de "Pag. em dias" para "cobrança feita".', '2025-11-03 20:34:42', NULL, 1, 0, '{"status":"Pag. em dias"}'),
(126, 'CHANGE_STATUS', 237, 'Status do cliente "Lucio Flávio indicação hiago" (ID: 237) alterado de "Pag. em dias" para "cobrança feita".', '2025-11-03 20:34:51', NULL, 1, 0, '{"status":"Pag. em dias"}'),
(127, 'CHANGE_STATUS', 26, 'Status do cliente "vera slir" (ID: 26) alterado de "Pag. em dias" para "cobrança feita".', '2025-11-03 20:35:17', NULL, 1, 0, '{"status":"Pag. em dias"}'),
(128, 'CHANGE_STATUS', 41, 'Status do cliente "helena + julia de elis" (ID: 41) alterado de "Pag. em dias" para "cobrança feita".', '2025-11-03 20:35:19', NULL, 1, 0, '{"status":"Pag. em dias"}'),
(129, 'CHANGE_STATUS', 42, 'Status do cliente "Elisangela " (ID: 42) alterado de "Pag. em dias" para "cobrança feita".', '2025-11-03 20:35:47', NULL, 1, 0, '{"status":"Pag. em dias"}'),
(130, 'CHANGE_STATUS', 70, 'Status do cliente "lazaro lázaro" (ID: 70) alterado de "Pag. em dias" para "cobrança feita".', '2025-11-03 20:35:53', NULL, 1, 0, '{"status":"Pag. em dias"}'),
(131, 'CHANGE_STATUS', 96, 'Status do cliente "marcos pb Stick + cel" (ID: 96) alterado de "Pag. em dias" para "cobrança feita".', '2025-11-03 20:36:04', NULL, 1, 0, '{"status":"Pag. em dias"}'),
(132, 'CHANGE_STATUS', 97, 'Status do cliente "Helton" (ID: 97) alterado de "Pag. em dias" para "cobrança feita".', '2025-11-03 20:36:10', NULL, 1, 0, '{"status":"Pag. em dias"}'),
(133, 'CHANGE_STATUS', 101, 'Status do cliente "dell" (ID: 101) alterado de "Pag. em dias" para "cobrança feita".', '2025-11-03 20:36:20', NULL, 1, 0, '{"status":"Pag. em dias"}'),
(134, 'CHANGE_STATUS', 200, 'Status do cliente "Francisco de elane" (ID: 200) alterado de "Pag. em dias" para "cobrança feita".', '2025-11-03 20:36:29', NULL, 1, 0, '{"status":"Pag. em dias"}'),
(135, 'CHANGE_STATUS', 207, 'Status do cliente "elton tela de camila" (ID: 207) alterado de "Pag. em dias" para "cobrança feita".', '2025-11-03 20:36:36', NULL, 1, 0, '{"status":"Pag. em dias"}'),
(136, 'CHANGE_STATUS', 236, 'Status do cliente "Sivanildo" (ID: 236) alterado de "Pag. em dias" para "cobrança feita".', '2025-11-03 20:36:47', NULL, 1, 0, '{"status":"Pag. em dias"}'),
(137, 'CHANGE_STATUS', 94, 'Status do cliente "weslley bruno" (ID: 94) alterado de "Pag. em dias" para "cobrança feita".', '2025-11-03 20:36:51', NULL, 1, 0, '{"status":"Pag. em dias"}'),
(138, 'CHANGE_STATUS', 86, 'Status do cliente "Jorge" (ID: 86) alterado de "Pag. em dias" para "cobrança feita".', '2025-11-03 20:36:57', NULL, 1, 0, '{"status":"Pag. em dias"}'),
(139, 'UPDATE_CLIENT', 216, 'Cliente "Josilane + tela silvana" (ID: 216) atualizado. Mudanças: Vencimento: ''2025-10-13'' -> ''2025-11-28''.', '2025-11-03 20:38:52', NULL, 1, 0, '{"id":216,"name":"Josilane + tela silvana","vencimento":"2025-10-13T00:00:00.000Z","servico":"Core","whatsapp":"+5521983136311","observacoes":"","status":"Não pagou","valor_cobrado":"20.00","custo":"10.00"}'),
(140, 'UPDATE_CLIENT', 257, 'Cliente "Luciano de juscelino" (ID: 257) atualizado. Mudanças: Vencimento: ''2025-11-10'' -> ''2025-11-08''.', '2025-11-03 20:40:26', NULL, 1, 0, '{"id":257,"name":"Luciano de juscelino","vencimento":"2025-11-10T00:00:00.000Z","servico":"Core","whatsapp":"5588988888888","observacoes":"","status":null,"valor_cobrado":"10.00","custo":"5.00"}'),
(141, 'CHANGE_STATUS', 257, 'Status do cliente "Luciano de juscelino" (ID: 257) alterado de "null" para "cobrança feita".', '2025-11-03 20:40:28', NULL, 1, 0, '{"status":null}'),
(142, 'ADJUST_DATE', 59, 'Vencimento do cliente "Ana jhully ind jv" (ID: 59) ajustado em 1 MONTH(s). (2025-10-20 -> 2025-11-20) Status alterado de "Não pagou" para "Pag. em dias".', '2025-11-03 23:36:40', NULL, 1, 0, '{"vencimento":"2025-10-20","status":"Não pagou"}'),
(143, 'ADJUST_DATE', 120, 'Vencimento do cliente "Patricia " (ID: 120) ajustado em 1 MONTH(s). (2025-11-08 -> 2025-12-08)', '2025-11-03 23:37:02', NULL, 1, 0, '{"vencimento":"2025-11-08","status":"Pag. em dias"}'),
(144, 'ADJUST_DATE', 48, 'Vencimento do cliente "Fabio Quintanilha" (ID: 48) ajustado em 1 MONTH(s). (2025-11-02 -> 2025-12-02) Status alterado de "Não pagou" para "Pag. em dias".', '2025-11-05 19:30:29', NULL, 1, 0, '{"vencimento":"2025-11-02","status":"Não pagou"}'),
(145, 'ADJUST_DATE', 203, 'Vencimento do cliente "Pedro costa" (ID: 203) ajustado em 1 MONTH(s). (2025-11-02 -> 2025-12-02) Status alterado de "Não pagou" para "Pag. em dias".', '2025-11-05 19:30:51', NULL, 1, 0, '{"vencimento":"2025-11-02","status":"Não pagou"}'),
(146, 'ADJUST_DATE', 63, 'Vencimento do cliente "lucinha (ricardo)" (ID: 63) ajustado em 1 MONTH(s). (2025-11-03 -> 2025-12-03) Status alterado de "cobrança feita" para "Pag. em dias".', '2025-11-05 19:31:12', NULL, 1, 0, '{"vencimento":"2025-11-03","status":"cobrança feita"}'),
(147, 'ADJUST_DATE', 88, 'Vencimento do cliente "jose marinho junior" (ID: 88) ajustado em 1 MONTH(s). (2025-11-03 -> 2025-12-03)', '2025-11-05 19:31:35', NULL, 1, 0, '{"vencimento":"2025-11-03","status":"Pag. em dias"}'),
(148, 'UPDATE_CLIENT', 34, 'Cliente "vanessa + sogra +filha" (ID: 34) atualizado.', '2025-11-05 19:34:15', NULL, 1, 0, '{"id":34,"name":"vanessa + sogra +filha","vencimento":"2025-11-01T00:00:00.000Z","servico":"Core","whatsapp":"+5521980586038","observacoes":"+ e3","status":"Não pagou","valor_cobrado":"30.00","custo":"6.00"}'),
(149, 'UPDATE_CLIENT', 34, 'Cliente "vanessa + sogra +filha" (ID: 34) atualizado. Mudanças: Vencimento: ''2025-11-01'' -> ''2025-11-02''.', '2025-11-05 19:34:30', NULL, 1, 0, '{"id":34,"name":"vanessa + sogra +filha","vencimento":"2025-11-01T00:00:00.000Z","servico":"Core","whatsapp":"+5521980586038","observacoes":"+ e3","status":"Não pagou","valor_cobrado":"30.00","custo":"6.00"}'),
(150, 'UPDATE_CLIENT', 229, 'Cliente "Jonathan ind edu barba" (ID: 229) atualizado. Mudanças: Vencimento: ''2025-11-01'' -> ''2025-11-02''.', '2025-11-05 19:35:11', NULL, 1, 0, '{"id":229,"name":"Jonathan ind edu barba","vencimento":"2025-11-01T00:00:00.000Z","servico":"Elite","whatsapp":"+5521965802041","observacoes":"","status":"Não pagou","valor_cobrado":"25.00","custo":"11.50"}'),
(151, 'ADJUST_DATE', 201, 'Vencimento do cliente "Fabiola" (ID: 201) ajustado em 1 MONTH(s). (2025-11-04 -> 2025-12-04) Status alterado de "cobrança feita" para "Pag. em dias".', '2025-11-05 20:36:28', NULL, 1, 0, '{"vencimento":"2025-11-04","status":"cobrança feita"}'),
(152, 'ADJUST_DATE', 101, 'Vencimento do cliente "dell" (ID: 101) ajustado em 1 MONTH(s). (2025-11-05 -> 2025-12-05) Status alterado de "cobrança feita" para "Pag. em dias".', '2025-11-05 21:06:16', NULL, 1, 0, '{"vencimento":"2025-11-05","status":"cobrança feita"}'),
(153, 'ADJUST_DATE', 171, 'Vencimento do cliente "Francielly " (ID: 171) ajustado em 1 MONTH(s). (2025-10-17 -> 2025-11-17) Status alterado de "Não pagou" para "Pag. em dias".', '2025-11-05 21:06:29', NULL, 1, 0, '{"vencimento":"2025-10-17","status":"Não pagou"}'),
(154, 'ADJUST_DATE', 229, 'Vencimento do cliente "Jonathan ind edu barba" (ID: 229) ajustado em 1 MONTH(s). (2025-11-02 -> 2025-12-02) Status alterado de "Não pagou" para "Pag. em dias".', '2025-11-05 21:06:38', NULL, 1, 0, '{"vencimento":"2025-11-02","status":"Não pagou"}'),
(155, 'ADJUST_DATE', 91, 'Vencimento do cliente "elane" (ID: 91) ajustado em 1 MONTH(s). (2025-11-04 -> 2025-12-04) Status alterado de "cobrança feita" para "Pag. em dias".', '2025-11-05 21:06:47', NULL, 1, 0, '{"vencimento":"2025-11-04","status":"cobrança feita"}'),
(156, 'ADJUST_DATE', 89, 'Vencimento do cliente "Pedro rodrigues ind silv." (ID: 89) ajustado em 1 MONTH(s). (2025-11-04 -> 2025-12-04) Status alterado de "cobrança feita" para "Pag. em dias".', '2025-11-05 21:07:09', NULL, 1, 0, '{"vencimento":"2025-11-04","status":"cobrança feita"}'),
(157, 'ADJUST_DATE', 70, 'Vencimento do cliente "lazaro lázaro" (ID: 70) ajustado em 1 MONTH(s). (2025-11-05 -> 2025-12-05) Status alterado de "cobrança feita" para "Pag. em dias".', '2025-11-05 21:29:39', NULL, 1, 0, '{"vencimento":"2025-11-05","status":"cobrança feita"}'),
(158, 'ADJUST_DATE', 96, 'Vencimento do cliente "marcos pb Stick + cel" (ID: 96) ajustado em 1 MONTH(s). (2025-11-05 -> 2025-12-05) Status alterado de "cobrança feita" para "Pag. em dias".', '2025-11-05 21:29:44', NULL, 1, 0, '{"vencimento":"2025-11-05","status":"cobrança feita"}'),
(159, 'ADJUST_DATE', 97, 'Vencimento do cliente "Helton" (ID: 97) ajustado em 1 MONTH(s). (2025-11-05 -> 2025-12-05) Status alterado de "cobrança feita" para "Pag. em dias".', '2025-11-05 21:29:50', NULL, 1, 1, '{"vencimento":"2025-11-05","status":"cobrança feita"}'),
(160, 'REVERT_ACTION', 97, 'Ação ID 159 (ADJUST_DATE) foi revertida. Ajuste de data do cliente (ID: 97) revertido para "2025-11-05".', '2025-11-05 21:29:54', NULL, 0, 0, NULL),
(161, 'ADJUST_DATE', 236, 'Vencimento do cliente "Sivanildo" (ID: 236) ajustado em 1 MONTH(s). (2025-11-05 -> 2025-12-05) Status alterado de "cobrança feita" para "Pag. em dias".', '2025-11-05 21:30:25', NULL, 1, 0, '{"vencimento":"2025-11-05","status":"cobrança feita"}'),
(162, 'ADJUST_DATE', 103, 'Vencimento do cliente "Hamilton + alonso" (ID: 103) ajustado em 1 MONTH(s). (2025-11-06 -> 2025-12-06)', '2025-11-05 21:30:34', NULL, 1, 0, '{"vencimento":"2025-11-06","status":"Pag. em dias"}'),
(163, 'CHANGE_STATUS', 97, 'Status do cliente "Helton" (ID: 97) alterado de "Pag. em dias" para "cobrança feita".', '2025-11-05 21:43:25', NULL, 1, 0, '{"status":"Pag. em dias"}'),
(164, 'UPDATE_CLIENT', 97, 'Cliente "Helton" (ID: 97) atualizado. Mudanças: Vencimento: ''2025-11-05'' -> ''2025-11-07''.', '2025-11-05 21:44:16', NULL, 1, 0, '{"id":97,"name":"Helton","vencimento":"2025-11-05T00:00:00.000Z","servico":"Fire","whatsapp":"+5575981728521","observacoes":"","status":"cobrança feita","valor_cobrado":"20.00","custo":"6.00"}'),
(165, 'ADJUST_DATE', 105, 'Vencimento do cliente " marla + manoel" (ID: 105) ajustado em 1 MONTH(s). (2025-11-06 -> 2025-12-06)', '2025-11-05 21:44:37', NULL, 1, 0, '{"vencimento":"2025-11-06","status":"Pag. em dias"}'),
(166, 'CHANGE_STATUS', 191, 'Status do cliente "emilson" (ID: 191) alterado de "Pag. em dias" para "cobrança feita".', '2025-11-05 21:45:17', NULL, 1, 0, '{"status":"Pag. em dias"}'),
(167, 'CHANGE_STATUS', 104, 'Status do cliente "charles" (ID: 104) alterado de "Pag. em dias" para "cobrança feita".', '2025-11-05 21:45:20', NULL, 1, 0, '{"status":"Pag. em dias"}'),
(168, 'CHANGE_STATUS', 106, 'Status do cliente "elesson ind gilson ok" (ID: 106) alterado de "Pag. em dias" para "cobrança feita".', '2025-11-05 21:45:43', NULL, 1, 0, '{"status":"Pag. em dias"}'),
(169, 'CHANGE_STATUS', 107, 'Status do cliente " camila sem adulto" (ID: 107) alterado de "Pag. em dias" para "cobrança feita".', '2025-11-05 21:58:26', NULL, 1, 0, '{"status":"Pag. em dias"}'),
(170, 'CHANGE_STATUS', 111, 'Status do cliente "silvana " (ID: 111) alterado de "Pag. em dias" para "cobrança feita".', '2025-11-05 21:58:34', NULL, 1, 0, '{"status":"Pag. em dias"}'),
(171, 'CHANGE_STATUS', 112, 'Status do cliente "bianca de silvana" (ID: 112) alterado de "Pag. em dias" para "cobrança feita".', '2025-11-05 21:58:44', NULL, 1, 0, '{"status":"Pag. em dias"}'),
(172, 'CHANGE_STATUS', 113, 'Status do cliente "carlise" (ID: 113) alterado de "Pag. em dias" para "cobrança feita".', '2025-11-05 21:58:56', NULL, 1, 0, '{"status":"Pag. em dias"}'),
(173, 'ADJUST_DATE', 114, 'Vencimento do cliente "jose marinho junior" (ID: 114) ajustado em 1 MONTH(s). (2025-11-07 -> 2025-12-07)', '2025-11-05 21:58:57', NULL, 1, 0, '{"vencimento":"2025-11-07","status":"Pag. em dias"}'),
(174, 'CHANGE_STATUS', 177, 'Status do cliente "Camila semp" (ID: 177) alterado de "Pag. em dias" para "cobrança feita".', '2025-11-05 21:59:01', NULL, 1, 0, '{"status":"Pag. em dias"}'),
(175, 'CHANGE_STATUS', 206, 'Status do cliente "filha de camila tela" (ID: 206) alterado de "Pag. em dias" para "cobrança feita".', '2025-11-05 21:59:13', NULL, 1, 0, '{"status":"Pag. em dias"}'),
(176, 'CHANGE_STATUS', 222, 'Status do cliente "vinicius santana" (ID: 222) alterado de "Pag. em dias" para "cobrança feita".', '2025-11-05 21:59:22', NULL, 1, 0, '{"status":"Pag. em dias"}'),
(177, 'CHANGE_STATUS', 235, 'Status do cliente "Thamyres ind Luiz felipe" (ID: 235) alterado de "Pag. em dias" para "cobrança feita".', '2025-11-05 21:59:36', NULL, 1, 0, '{"status":"Pag. em dias"}'),
(178, 'CREATE_CLIENT', 258, 'Cliente "Victoria" criado.', '2025-11-06 00:30:37', NULL, 0, 0, NULL),
(179, 'ADJUST_DATE', 104, 'Vencimento do cliente "charles" (ID: 104) ajustado em 1 MONTH(s). (2025-11-06 -> 2025-12-06) Status alterado de "cobrança feita" para "Pag. em dias".', '2025-11-06 10:26:33', NULL, 1, 1, '{"vencimento":"2025-11-06","status":"cobrança feita"}'),
(180, 'REVERT_ACTION', 104, 'Ação ID 179 (ADJUST_DATE) foi revertida. Ajuste de data do cliente (ID: 104) revertido para "2025-11-06".', '2025-11-06 10:26:37', NULL, 0, 0, NULL),
(181, 'CHANGE_STATUS', 216, 'Status do cliente "Josilane + tela silvana" (ID: 216) alterado de "Não pagou" para "Pag. em dias".', '2025-11-06 10:27:14', NULL, 1, 0, '{"status":"Não pagou"}'),
(182, 'ADJUST_DATE', 169, 'Vencimento do cliente "wellington ind borão erick" (ID: 169) ajustado em 1 MONTH(s). (2025-11-04 -> 2025-12-04) Status alterado de "cobrança feita" para "Pag. em dias".', '2025-11-06 20:15:06', NULL, 1, 0, '{"vencimento":"2025-11-04","status":"cobrança feita"}'),
(183, 'ADJUST_DATE', 149, 'Vencimento do cliente "Monica ind eder" (ID: 149) ajustado em 1 MONTH(s). (2025-11-04 -> 2025-12-04) Status alterado de "cobrança feita" para "Pag. em dias".', '2025-11-06 20:15:11', NULL, 1, 0, '{"vencimento":"2025-11-04","status":"cobrança feita"}'),
(184, 'ADJUST_DATE', 234, 'Vencimento do cliente "Marcelo irm de Carlos" (ID: 234) ajustado em 1 MONTH(s). (2025-11-02 -> 2025-12-02) Status alterado de "Não pagou" para "Pag. em dias".', '2025-11-06 20:15:17', NULL, 1, 0, '{"vencimento":"2025-11-02","status":"Não pagou"}'),
(185, 'UPDATE_CLIENT', 104, 'Cliente "charles" (ID: 104) atualizado.', '2025-11-07 00:27:25', NULL, 1, 0, '{"id":104,"name":"charles","vencimento":"2025-11-06T00:00:00.000Z","servico":"Core","whatsapp":"+5588988888888","observacoes":"","status":"Pag. em dias","valor_cobrado":"20.00","custo":"10.00"}'),
(186, 'ADJUST_DATE', 104, 'Vencimento do cliente "charles" (ID: 104) ajustado em 1 MONTH(s). (2025-11-06 -> 2025-12-06)', '2025-11-07 00:27:32', NULL, 1, 0, '{"vencimento":"2025-11-06","status":"Pag. em dias"}'),
(187, 'ADJUST_DATE', 207, 'Vencimento do cliente "elton tela de camila" (ID: 207) ajustado em 1 MONTH(s). (2025-11-05 -> 2025-12-05) Status alterado de "cobrança feita" para "Pag. em dias".', '2025-11-07 00:27:55', NULL, 1, 0, '{"vencimento":"2025-11-05","status":"cobrança feita"}'),
(188, 'ADJUST_DATE', 152, 'Vencimento do cliente "Filho de elane" (ID: 152) ajustado em 1 MONTH(s). (2025-11-04 -> 2025-12-04) Status alterado de "cobrança feita" para "Pag. em dias".', '2025-11-07 00:29:06', NULL, 1, 0, '{"vencimento":"2025-11-04","status":"cobrança feita"}'),
(189, 'UPDATE_CLIENT', 79, 'Cliente "Carlos Baptista ind silv" (ID: 79) atualizado. Mudanças: Serviço: ''Elite'' -> ''Fire''.', '2025-11-07 20:12:22', NULL, 1, 0, '{"id":79,"name":"Carlos Baptista ind silv","vencimento":"2025-12-01T00:00:00.000Z","servico":"Elite","whatsapp":"+5521986913181","observacoes":"","status":"Pag. em dias","valor_cobrado":"20.00","custo":"11.50"}'),
(190, 'CHANGE_STATUS', 258, 'Status do cliente "Victoria" (ID: 258) alterado de "null" para "Pag. em dias".', '2025-11-07 20:13:31', NULL, 1, 0, '{"status":null}'),
(191, 'ADJUST_DATE', 113, 'Vencimento do cliente "carlise" (ID: 113) ajustado em 1 MONTH(s). (2025-11-07 -> 2025-12-07) Status alterado de "cobrança feita" para "Pag. em dias".', '2025-11-08 00:14:51', NULL, 1, 0, '{"vencimento":"2025-11-07","status":"cobrança feita"}'),
(192, 'ADJUST_DATE', 177, 'Vencimento do cliente "Camila semp" (ID: 177) ajustado em 1 MONTH(s). (2025-11-07 -> 2025-12-07) Status alterado de "cobrança feita" para "Pag. em dias".', '2025-11-08 00:14:55', NULL, 1, 0, '{"vencimento":"2025-11-07","status":"cobrança feita"}'),
(193, 'ADJUST_DATE', 206, 'Vencimento do cliente "filha de camila tela" (ID: 206) ajustado em 1 MONTH(s). (2025-11-07 -> 2025-12-07) Status alterado de "cobrança feita" para "Pag. em dias".', '2025-11-08 00:14:58', NULL, 1, 0, '{"vencimento":"2025-11-07","status":"cobrança feita"}'),
(194, 'ADJUST_DATE', 107, 'Vencimento do cliente " camila sem adulto" (ID: 107) ajustado em 1 MONTH(s). (2025-11-07 -> 2025-12-07) Status alterado de "cobrança feita" para "Pag. em dias".', '2025-11-08 00:15:25', NULL, 1, 0, '{"vencimento":"2025-11-07","status":"cobrança feita"}'),
(195, 'ADJUST_DATE', 97, 'Vencimento do cliente "Helton" (ID: 97) ajustado em 1 MONTH(s). (2025-11-07 -> 2025-12-07) Status alterado de "cobrança feita" para "Pag. em dias".', '2025-11-08 00:15:45', NULL, 1, 0, '{"vencimento":"2025-11-07","status":"cobrança feita"}'),
(196, 'ADJUST_DATE', 85, 'Vencimento do cliente "gerlane" (ID: 85) ajustado em 1 MONTH(s). (2025-11-02 -> 2025-12-02) Status alterado de "Não pagou" para "Pag. em dias".', '2025-11-08 19:24:20', NULL, 1, 0, '{"vencimento":"2025-11-02","status":"Não pagou"}'),
(197, 'ADJUST_DATE', 86, 'Vencimento do cliente "Jorge" (ID: 86) ajustado em 1 MONTH(s). (2025-11-03 -> 2025-12-03) Status alterado de "cobrança feita" para "Pag. em dias".', '2025-11-08 19:24:37', NULL, 1, 0, '{"vencimento":"2025-11-03","status":"cobrança feita"}'),
(198, 'CHANGE_STATUS', 237, 'Status do cliente "Lucio Flávio indicação hiago" (ID: 237) alterado de "cobrança feita" para "Não pagou".', '2025-11-08 19:31:08', NULL, 1, 0, '{"status":"cobrança feita"}'),
(199, 'CHANGE_STATUS', 34, 'Status do cliente "vanessa + sogra +filha" (ID: 34) alterado de "Não pagou" para "cobrança feita".', '2025-11-08 19:32:21', NULL, 1, 0, '{"status":"Não pagou"}'),
(200, 'ADJUST_DATE', 233, 'Vencimento do cliente "Davi Oliveira" (ID: 233) ajustado em 1 MONTH(s). (2025-11-01 -> 2025-12-01) Status alterado de "Não pagou" para "Pag. em dias".', '2025-11-08 19:37:26', NULL, 1, 0, '{"vencimento":"2025-11-01","status":"Não pagou"}'),
(201, 'ADJUST_DATE', 115, 'Vencimento do cliente "irmã de klebson" (ID: 115) ajustado em 1 MONTH(s). (2025-11-08 -> 2025-12-08)', '2025-11-08 20:28:53', NULL, 1, 0, '{"vencimento":"2025-11-08","status":"Pag. em dias"}'),
(202, 'ADJUST_DATE', 122, 'Vencimento do cliente "Etiene" (ID: 122) ajustado em 1 MONTH(s). (2025-11-08 -> 2025-12-08)', '2025-11-08 20:29:02', NULL, 1, 0, '{"vencimento":"2025-11-08","status":"Pag. em dias"}'),
(203, 'ADJUST_DATE', 123, 'Vencimento do cliente "Eliana celular e casa" (ID: 123) ajustado em 1 MONTH(s). (2025-11-08 -> 2025-12-08)', '2025-11-08 20:29:03', NULL, 1, 0, '{"vencimento":"2025-11-08","status":"Pag. em dias"}'),
(204, 'CREATE_CLIENT', 259, 'Cliente "Nega egigenia" criado.', '2025-11-08 20:30:33', NULL, 0, 0, NULL),
(205, 'ADJUST_DATE', 259, 'Vencimento do cliente "Nega egigenia" (ID: 259) ajustado em 1 MONTH(s). (2025-11-07 -> 2025-12-07) Status alterado de "null" para "Pag. em dias".', '2025-11-08 20:30:45', NULL, 1, 0, '{"vencimento":"2025-11-07","status":null}'),
(206, 'CREATE_CLIENT', 260, 'Cliente "Raimundo antonio ind helton" criado.', '2025-11-08 20:32:43', NULL, 0, 0, NULL),
(207, 'ADJUST_DATE', 260, 'Vencimento do cliente "Raimundo antonio ind helton" (ID: 260) ajustado em 1 MONTH(s). (2025-11-06 -> 2025-12-06) Status alterado de "null" para "Pag. em dias".', '2025-11-08 20:32:49', NULL, 1, 0, '{"vencimento":"2025-11-06","status":null}'),
(208, 'ADJUST_DATE', 208, 'Vencimento do cliente "Irmão de alexandre" (ID: 208) ajustado em 1 MONTH(s). (2025-11-09 -> 2025-12-09)', '2025-11-08 20:43:31', NULL, 1, 0, '{"vencimento":"2025-11-09","status":"Pag. em dias"}'),
(209, 'ADJUST_DATE', 126, 'Vencimento do cliente "tarciso LG" (ID: 126) ajustado em 1 MONTH(s). (2025-11-10 -> 2025-12-10)', '2025-11-09 16:28:49', NULL, 1, 0, '{"vencimento":"2025-11-10","status":"Pag. em dias"}'),
(210, 'ADJUST_DATE', 127, 'Vencimento do cliente "tarciso + cel" (ID: 127) ajustado em 1 MONTH(s). (2025-11-10 -> 2025-12-10)', '2025-11-09 16:28:51', NULL, 1, 0, '{"vencimento":"2025-11-10","status":"Pag. em dias"}'),
(211, 'ADJUST_DATE', 110, 'Vencimento do cliente "meu pai tulio1" (ID: 110) ajustado em 1 MONTH(s). (2025-11-10 -> 2025-12-10)', '2025-11-09 16:28:55', NULL, 1, 0, '{"vencimento":"2025-11-10","status":"Pag. em dias"}'),
(212, 'ADJUST_DATE', 131, 'Vencimento do cliente "Luis felipe " (ID: 131) ajustado em 1 MONTH(s). (2025-11-10 -> 2025-12-10)', '2025-11-09 16:29:21', NULL, 1, 0, '{"vencimento":"2025-11-10","status":"Pag. em dias"}'),
(213, 'ADJUST_DATE', 130, 'Vencimento do cliente "EDESIO" (ID: 130) ajustado em 1 MONTH(s). (2025-11-10 -> 2025-12-10)', '2025-11-09 16:29:22', NULL, 1, 0, '{"vencimento":"2025-11-10","status":"Pag. em dias"}'),
(214, 'ADJUST_DATE', 133, 'Vencimento do cliente "Jorge + prima de estefane" (ID: 133) ajustado em 1 MONTH(s). (2025-11-10 -> 2025-12-10)', '2025-11-09 16:29:37', NULL, 1, 0, '{"vencimento":"2025-11-10","status":"Pag. em dias"}'),
(215, 'ADJUST_DATE', 121, 'Vencimento do cliente "carlos ind marcos samsung + fire" (ID: 121) ajustado em 1 MONTH(s). (2025-11-08 -> 2025-12-08)', '2025-11-09 16:30:03', NULL, 1, 0, '{"vencimento":"2025-11-08","status":"Pag. em dias"}'),
(216, 'ADJUST_DATE', 147, 'Vencimento do cliente "carlos ind marcos celular + tab" (ID: 147) ajustado em 1 MONTH(s). (2025-11-08 -> 2025-12-08)', '2025-11-09 16:30:12', NULL, 1, 0, '{"vencimento":"2025-11-08","status":"Pag. em dias"}'),
(217, 'ADJUST_DATE', 116, 'Vencimento do cliente "eduardo tela 3 e 4 " (ID: 116) ajustado em 1 MONTH(s). (2025-11-08 -> 2025-12-08)', '2025-11-09 16:30:19', NULL, 1, 0, '{"vencimento":"2025-11-08","status":"Pag. em dias"}'),
(218, 'ADJUST_DATE', 94, 'Vencimento do cliente "weslley bruno" (ID: 94) ajustado em 1 MONTH(s). (2025-11-05 -> 2025-12-05) Status alterado de "cobrança feita" para "Pag. em dias".', '2025-11-09 16:35:36', NULL, 1, 0, '{"vencimento":"2025-11-05","status":"cobrança feita"}'),
(219, 'ADJUST_DATE', 117, 'Vencimento do cliente "eduardo" (ID: 117) ajustado em 1 MONTH(s). (2025-11-08 -> 2025-12-08)', '2025-11-09 16:38:24', NULL, 1, 0, '{"vencimento":"2025-11-08","status":"Pag. em dias"}'),
(220, 'ADJUST_DATE', 170, 'Vencimento do cliente "Emerson Julia paga" (ID: 170) ajustado em 1 MONTH(s). (2025-11-15 -> 2025-12-15)', '2025-11-09 17:27:00', NULL, 1, 0, '{"vencimento":"2025-11-15","status":"Pag. em dias"}'),
(221, 'UPDATE_CLIENT', 128, 'Cliente "Alexandre pin ind silv + mãe" (ID: 128) atualizado. Mudanças: Vencimento: ''2025-11-10'' -> ''2025-11-20''.', '2025-11-10 00:22:34', NULL, 1, 0, '{"id":128,"name":"Alexandre pin ind silv + mãe","vencimento":"2025-11-10T00:00:00.000Z","servico":"Fire","whatsapp":"+5521991386000","observacoes":"","status":"Pag. em dias","valor_cobrado":"30.00","custo":"6.00"}'),
(222, 'UPDATE_CLIENT', 128, 'Cliente "Alexandre pin ind silv + mãe" (ID: 128) atualizado. Mudanças: Serviço: ''Fire'' -> ''UniTv''.', '2025-11-10 00:22:53', NULL, 1, 0, '{"id":128,"name":"Alexandre pin ind silv + mãe","vencimento":"2025-11-20T00:00:00.000Z","servico":"Fire","whatsapp":"+5521991386000","observacoes":"","status":"Pag. em dias","valor_cobrado":"30.00","custo":"6.00"}'),
(223, 'CREATE_CLIENT', 261, 'Cliente "Alexandre pin ind silv + mãe" criado.', '2025-11-10 00:23:14', NULL, 0, 0, NULL),
(224, 'CHANGE_STATUS', 261, 'Status do cliente "Alexandre pin ind silv + mãe" (ID: 261) alterado de "null" para "Pag. em dias".', '2025-11-10 00:23:21', NULL, 1, 0, '{"status":null}'),
(225, 'UPDATE_CLIENT', 128, 'Cliente "Alexandre pin ind silv + mãe" (ID: 128) atualizado.', '2025-11-10 00:23:35', NULL, 1, 0, '{"id":128,"name":"Alexandre pin ind silv + mãe","vencimento":"2025-11-20T00:00:00.000Z","servico":"UniTv","whatsapp":"+5521991386000","observacoes":"","status":"Pag. em dias","valor_cobrado":"30.00","custo":"6.00"}'),
(226, 'ADJUST_DATE', 119, 'Vencimento do cliente "EDER " (ID: 119) ajustado em 1 MONTH(s). (2025-11-08 -> 2025-12-08)', '2025-11-10 10:43:13', NULL, 1, 0, '{"vencimento":"2025-11-08","status":"Pag. em dias"}'),
(227, 'ADJUST_DATE', 118, 'Vencimento do cliente "pai do eder + alana" (ID: 118) ajustado em 1 MONTH(s). (2025-11-08 -> 2025-12-08)', '2025-11-10 10:43:17', NULL, 1, 0, '{"vencimento":"2025-11-08","status":"Pag. em dias"}'),
(228, 'ADJUST_DATE', 175, 'Vencimento do cliente "Glaucilene" (ID: 175) ajustado em 1 MONTH(s). (2025-11-10 -> 2025-12-10)', '2025-11-10 23:54:26', NULL, 1, 0, '{"vencimento":"2025-11-10","status":"Pag. em dias"}'),
(229, 'UPDATE_CLIENT', 239, 'Cliente "Arthur irmão elane" (ID: 239) atualizado. Mudanças: Serviço: ''Elite'' -> ''Core''.', '2025-11-11 12:47:49', NULL, 1, 0, '{"id":239,"name":"Arthur irmão elane","vencimento":"2025-11-10T00:00:00.000Z","servico":"Elite","whatsapp":"+5521998602480","observacoes":"","status":"Pag. em dias","valor_cobrado":"25.00","custo":"11.50"}'),
(230, 'ADJUST_DATE', 239, 'Vencimento do cliente "Arthur irmão elane" (ID: 239) ajustado em 1 MONTH(s). (2025-11-10 -> 2025-12-10)', '2025-11-11 20:48:00', NULL, 1, 0, '{"vencimento":"2025-11-10","status":"Pag. em dias"}'),
(231, 'ADJUST_DATE', 228, 'Vencimento do cliente "Vitor Emanuel " (ID: 228) ajustado em 1 MONTH(s). (2025-11-10 -> 2025-12-10)', '2025-11-11 20:48:27', NULL, 1, 0, '{"vencimento":"2025-11-10","status":"Pag. em dias"}'),
(232, 'ADJUST_DATE', 225, 'Vencimento do cliente "Jeana" (ID: 225) ajustado em 1 MONTH(s). (2025-11-10 -> 2025-12-10)', '2025-11-11 20:48:43', NULL, 1, 0, '{"vencimento":"2025-11-10","status":"Pag. em dias"}'),
(233, 'ADJUST_DATE', 223, 'Vencimento do cliente "Rondinei + mãe dele" (ID: 223) ajustado em 1 MONTH(s). (2025-11-10 -> 2025-12-10)', '2025-11-11 20:48:54', NULL, 1, 0, '{"vencimento":"2025-11-10","status":"Pag. em dias"}'),
(234, 'ADJUST_DATE', 220, 'Vencimento do cliente "Romulo victor" (ID: 220) ajustado em 1 MONTH(s). (2025-11-10 -> 2025-12-10)', '2025-11-11 20:49:05', NULL, 1, 0, '{"vencimento":"2025-11-10","status":"Pag. em dias"}'),
(235, 'UPDATE_CONFIG', NULL, 'Mensagem de vencido atualizada.', '2025-11-11 20:50:27', NULL, 0, 0, NULL),
(236, 'UPDATE_CONFIG', NULL, 'Mensagem de vencido atualizada.', '2025-11-11 20:51:57', NULL, 0, 0, NULL),
(237, 'CHANGE_STATUS', 219, 'Status do cliente "Janaina f." (ID: 219) alterado de "Pag. em dias" para "cobrança feita".', '2025-11-11 20:53:10', NULL, 1, 0, '{"status":"Pag. em dias"}'),
(238, 'CHANGE_STATUS', 258, 'Status do cliente "Victoria" (ID: 258) alterado de "Pag. em dias" para "cobrança feita".', '2025-11-11 20:53:13', NULL, 1, 0, '{"status":"Pag. em dias"}'),
(239, 'ADJUST_DATE', 222, 'Vencimento do cliente "vinicius santana" (ID: 222) ajustado em 1 MONTH(s). (2025-11-07 -> 2025-12-07) Status alterado de "cobrança feita" para "Pag. em dias".', '2025-11-11 21:21:01', NULL, 1, 0, '{"vencimento":"2025-11-07","status":"cobrança feita"}'),
(240, 'CHANGE_STATUS', 235, 'Status do cliente "Thamyres ind Luiz felipe" (ID: 235) alterado de "cobrança feita" para "Não pagou".', '2025-11-11 21:21:42', NULL, 1, 0, '{"status":"cobrança feita"}'),
(241, 'CHANGE_STATUS', 257, 'Status do cliente "Luciano de juscelino" (ID: 257) alterado de "cobrança feita" para "Não pagou".', '2025-11-11 21:21:50', NULL, 1, 0, '{"status":"cobrança feita"}'),
(242, 'ADJUST_DATE', 134, 'Vencimento do cliente "maycon tv + maycon cel" (ID: 134) ajustado em 1 MONTH(s). (2025-11-11 -> 2025-12-11)', '2025-11-11 21:22:09', NULL, 1, 0, '{"vencimento":"2025-11-11","status":"Pag. em dias"}'),
(243, 'ADJUST_DATE', 135, 'Vencimento do cliente "Maycon veio irmão" (ID: 135) ajustado em 1 MONTH(s). (2025-11-11 -> 2025-12-11)', '2025-11-11 21:22:10', NULL, 1, 0, '{"vencimento":"2025-11-11","status":"Pag. em dias"}'),
(244, 'ADJUST_DATE', 238, 'Vencimento do cliente "Luiz carlos felipe" (ID: 238) ajustado em 1 MONTH(s). (2025-11-11 -> 2025-12-11)', '2025-11-11 21:46:31', NULL, 1, 0, '{"vencimento":"2025-11-11","status":"Pag. em dias"}'),
(245, 'UPDATE_CLIENT', 125, 'Cliente "Joseval" (ID: 125) atualizado. Mudanças: Vencimento: ''2025-12-08'' -> ''2025-12-10''.', '2025-11-11 23:46:58', NULL, 1, 0, '{"id":125,"name":"Joseval","vencimento":"2025-12-08T00:00:00.000Z","servico":"Elite","whatsapp":"+5521997360899","observacoes":"","status":"Pag. em dias","valor_cobrado":"30.00","custo":"11.00"}'),
(246, 'ADJUST_DATE', 221, 'Vencimento do cliente "Anacleto ind irmão de alexandre" (ID: 221) ajustado em 1 MONTH(s). (2025-11-13 -> 2025-12-13)', '2025-11-12 22:54:20', NULL, 1, 0, '{"vencimento":"2025-11-13","status":"Pag. em dias"}'),
(247, 'ADJUST_DATE', 47, 'Vencimento do cliente "denilson" (ID: 47) ajustado em 1 MONTH(s). (2025-11-15 -> 2025-12-15)', '2025-11-12 22:54:39', NULL, 1, 0, '{"vencimento":"2025-11-15","status":"Pag. em dias"}'),
(248, 'ADJUST_DATE', 111, 'Vencimento do cliente "silvana " (ID: 111) ajustado em 1 MONTH(s). (2025-11-07 -> 2025-12-07) Status alterado de "cobrança feita" para "Pag. em dias".', '2025-11-12 22:54:55', NULL, 1, 0, '{"vencimento":"2025-11-07","status":"cobrança feita"}'),
(249, 'ADJUST_DATE', 112, 'Vencimento do cliente "bianca de silvana" (ID: 112) ajustado em 1 MONTH(s). (2025-11-07 -> 2025-12-07) Status alterado de "cobrança feita" para "Pag. em dias".', '2025-11-12 22:54:59', NULL, 1, 0, '{"vencimento":"2025-11-07","status":"cobrança feita"}'),
(250, 'UPDATE_CLIENT', 237, 'Cliente "Lucio Flávio indicação hiago" (ID: 237) atualizado.', '2025-11-12 22:56:31', NULL, 1, 0, '{"id":237,"name":"Lucio Flávio indicação hiago","vencimento":"2025-11-04T00:00:00.000Z","servico":"Core","whatsapp":"+5583988506238","observacoes":"","status":"Não pagou","valor_cobrado":"30.00","custo":"10.00"}'),
(251, 'UPDATE_CLIENT', 237, 'Cliente "Lucio Flávio indicação hiago" (ID: 237) atualizado. Mudanças: Vencimento: ''2025-11-04'' -> ''2025-11-11''.', '2025-11-12 22:56:42', NULL, 1, 0, '{"id":237,"name":"Lucio Flávio indicação hiago","vencimento":"2025-11-04T00:00:00.000Z","servico":"Core","whatsapp":"+5583988506238","observacoes":"","status":"Não pagou","valor_cobrado":"20.00","custo":"5.00"}'),
(252, 'ADJUST_DATE', 237, 'Vencimento do cliente "Lucio Flávio indicação hiago" (ID: 237) ajustado em 1 MONTH(s). (2025-11-11 -> 2025-12-11) Status alterado de "Não pagou" para "Pag. em dias".', '2025-11-12 22:56:53', NULL, 1, 0, '{"vencimento":"2025-11-11","status":"Não pagou"}'),
(253, 'ADJUST_DATE', 195, 'Vencimento do cliente "Diego" (ID: 195) ajustado em 1 MONTH(s). (2025-11-12 -> 2025-12-12)', '2025-11-12 23:09:24', NULL, 1, 0, '{"vencimento":"2025-11-12","status":"Pag. em dias"}'),
(254, 'ADJUST_DATE', 180, 'Vencimento do cliente "Esposa de pai de Fábio " (ID: 180) ajustado em 1 MONTH(s). (2025-11-13 -> 2025-12-13)', '2025-11-12 23:09:47', NULL, 1, 0, '{"vencimento":"2025-11-13","status":"Pag. em dias"}'),
(255, 'ARCHIVE_CLIENT', 224, 'Cliente "Filho de Eladio" (ID: 224) foi arquivado.', '2025-11-12 23:56:15', NULL, 1, 0, '{"arquivado":false}'),
(256, 'ARCHIVE_CLIENT', 190, 'Cliente "bruno coelho bc" (ID: 190) foi arquivado.', '2025-11-12 23:56:24', NULL, 1, 0, '{"arquivado":false}'),
(257, 'ARCHIVE_CLIENT', 213, 'Cliente "Luana Fernanda" (ID: 213) foi arquivado.', '2025-11-12 23:56:27', NULL, 1, 0, '{"arquivado":false}'),
(258, 'ADJUST_DATE', 93, 'Vencimento do cliente "pai de joabe" (ID: 93) ajustado em 1 MONTH(s). (2025-10-04 -> 2025-11-04) Status alterado de "Não pagou" para "Pag. em dias".', '2025-11-12 23:56:30', NULL, 1, 0, '{"vencimento":"2025-10-04","status":"Não pagou"}'),
(259, 'ARCHIVE_CLIENT', 109, 'Cliente "Rayssa ind ant" (ID: 109) foi arquivado.', '2025-11-12 23:56:33', NULL, 1, 0, '{"arquivado":false}'),
(260, 'ARCHIVE_CLIENT', 176, 'Cliente "Arthur ind victor Juliana paga " (ID: 176) foi arquivado.', '2025-11-12 23:56:54', NULL, 1, 0, '{"arquivado":false}'),
(261, 'ARCHIVE_CLIENT', 235, 'Cliente "Thamyres ind Luiz felipe" (ID: 235) foi arquivado.', '2025-11-13 00:02:34', NULL, 1, 0, '{"arquivado":false}'),
(262, 'ADJUST_DATE', 93, 'Vencimento do cliente "pai de joabe" (ID: 93) ajustado em 1 MONTH(s). (2025-11-04 -> 2025-12-04)', '2025-11-13 00:19:26', NULL, 1, 0, '{"vencimento":"2025-11-04","status":"Pag. em dias"}'),
(263, 'CHANGE_STATUS', 257, 'Status do cliente "Luciano de juscelino" (ID: 257) alterado de "Não pagou" para "cobrança feita".', '2025-11-13 00:19:32', NULL, 1, 0, '{"status":"Não pagou"}'),
(264, 'CHANGE_STATUS', 256, 'Status do cliente "Luana Lopes" (ID: 256) alterado de "null" para "Pag. em dias".', '2025-11-13 00:19:39', NULL, 1, 0, '{"status":null}'),
(265, 'ADJUST_DATE', 241, 'Vencimento do cliente "Lindalva" (ID: 241) ajustado em -1 MONTH(s). (2025-12-17 -> 2025-11-17)', '2025-11-13 00:55:35', NULL, 1, 0, '{"vencimento":"2025-12-17","status":"Pag. em dias"}'),
(266, 'CHANGE_STATUS', 129, 'Status do cliente "Alan" (ID: 129) alterado de "Pag. em dias" para "cobrança feita".', '2025-11-14 14:31:44', NULL, 1, 0, '{"status":"Pag. em dias"}'),
(267, 'CHANGE_STATUS', 52, 'Status do cliente "alana + pai do eder ok2" (ID: 52) alterado de "Pag. em dias" para "cobrança feita".', '2025-11-14 14:31:45', NULL, 1, 0, '{"status":"Pag. em dias"}'),
(268, 'ADJUST_DATE', 138, 'Vencimento do cliente "pai de joilson + joilson cel" (ID: 138) ajustado em 1 MONTH(s). (2025-11-15 -> 2025-12-15)', '2025-11-14 14:31:52', NULL, 1, 0, '{"vencimento":"2025-11-15","status":"Pag. em dias"}'),
(269, 'ADJUST_DATE', 139, 'Vencimento do cliente "Joilson" (ID: 139) ajustado em 1 MONTH(s). (2025-11-15 -> 2025-12-15)', '2025-11-14 14:31:53', NULL, 1, 0, '{"vencimento":"2025-11-15","status":"Pag. em dias"}'),
(270, 'ADJUST_DATE', 191, 'Vencimento do cliente "emilson" (ID: 191) ajustado em 1 MONTH(s). (2025-11-06 -> 2025-12-06) Status alterado de "cobrança feita" para "Pag. em dias".', '2025-11-14 14:38:58', NULL, 1, 0, '{"vencimento":"2025-11-06","status":"cobrança feita"}'),
(271, 'ADJUST_DATE', 200, 'Vencimento do cliente "Francisco de elane" (ID: 200) ajustado em 1 MONTH(s). (2025-11-05 -> 2025-12-05) Status alterado de "cobrança feita" para "Pag. em dias".', '2025-11-14 14:41:35', NULL, 1, 0, '{"vencimento":"2025-11-05","status":"cobrança feita"}'),
(272, 'UNARCHIVE_CLIENT', 224, 'Cliente "Filho de Eladio" (ID: 224) foi desarquivado.', '2025-11-14 14:41:53', NULL, 1, 0, '{"arquivado":true}'),
(273, 'ARCHIVE_CLIENT', 224, 'Cliente "Filho de Eladio" (ID: 224) foi arquivado.', '2025-11-14 14:42:03', NULL, 1, 0, '{"arquivado":false}'),
(274, 'ADJUST_DATE', 34, 'Vencimento do cliente "vanessa + sogra +filha" (ID: 34) ajustado em 1 MONTH(s). (2025-11-02 -> 2025-12-02) Status alterado de "cobrança feita" para "Pag. em dias".', '2025-11-14 15:48:41', NULL, 1, 0, '{"vencimento":"2025-11-02","status":"cobrança feita"}'),
(275, 'ADJUST_DATE', 52, 'Vencimento do cliente "alana + pai do eder ok2" (ID: 52) ajustado em 1 MONTH(s). (2025-11-12 -> 2025-12-12) Status alterado de "cobrança feita" para "Pag. em dias".', '2025-11-14 17:25:49', NULL, 1, 0, '{"vencimento":"2025-11-12","status":"cobrança feita"}'),
(276, 'ADJUST_DATE', 129, 'Vencimento do cliente "Alan" (ID: 129) ajustado em 1 MONTH(s). (2025-11-10 -> 2025-12-10) Status alterado de "cobrança feita" para "Pag. em dias".', '2025-11-15 21:15:22', NULL, 1, 0, '{"vencimento":"2025-11-10","status":"cobrança feita"}'),
(277, 'ADJUST_DATE', 241, 'Vencimento do cliente "Lindalva" (ID: 241) ajustado em 1 MONTH(s). (2025-11-17 -> 2025-12-17)', '2025-11-16 17:57:10', NULL, 1, 0, '{"vencimento":"2025-11-17","status":"Pag. em dias"}'),
(278, 'ADJUST_DATE', 198, 'Vencimento do cliente "Samuel" (ID: 198) ajustado em 1 MONTH(s). (2025-11-16 -> 2025-12-16)', '2025-11-16 22:11:32', NULL, 1, 0, '{"vencimento":"2025-11-16","status":"Pag. em dias"}'),
(279, 'CHANGE_STATUS', 140, 'Status do cliente "Jeremias" (ID: 140) alterado de "Pag. em dias" para "cobrança feita".', '2025-11-16 22:12:50', NULL, 1, 0, '{"status":"Pag. em dias"}'),
(280, 'CHANGE_STATUS', 194, 'Status do cliente "Bruno pb" (ID: 194) alterado de "Pag. em dias" para "cobrança feita".', '2025-11-16 22:12:51', NULL, 1, 0, '{"status":"Pag. em dias"}'),
(281, 'CHANGE_STATUS', 136, 'Status do cliente "manoel naz. + marla" (ID: 136) alterado de "Pag. em dias" para "cobrança feita".', '2025-11-16 22:12:52', NULL, 1, 0, '{"status":"Pag. em dias"}'),
(282, 'CHANGE_STATUS', 171, 'Status do cliente "Francielly " (ID: 171) alterado de "Pag. em dias" para "cobrança feita".', '2025-11-16 22:12:53', NULL, 1, 0, '{"status":"Pag. em dias"}'),
(283, 'CHANGE_STATUS', 192, 'Status do cliente "Tatiane ind vanessa" (ID: 192) alterado de "Pag. em dias" para "cobrança feita".', '2025-11-16 22:12:54', NULL, 1, 0, '{"status":"Pag. em dias"}'),
(284, 'CHANGE_STATUS', 210, 'Status do cliente "Irmã de helton" (ID: 210) alterado de "Pag. em dias" para "cobrança feita".', '2025-11-16 22:12:58', NULL, 1, 0, '{"status":"Pag. em dias"}'),
(285, 'ADJUST_DATE', 194, 'Vencimento do cliente "Bruno pb" (ID: 194) ajustado em 1 MONTH(s). (2025-11-16 -> 2025-12-16) Status alterado de "cobrança feita" para "Pag. em dias".', '2025-11-17 00:56:40', NULL, 1, 0, '{"vencimento":"2025-11-16","status":"cobrança feita"}'),
(286, 'ADJUST_DATE', 183, 'Vencimento do cliente "Simone Oliveira" (ID: 183) ajustado em 1 MONTH(s). (2025-11-15 -> 2025-12-15)', '2025-11-17 00:56:44', NULL, 1, 0, '{"vencimento":"2025-11-15","status":"Pag. em dias"}'),
(287, 'ADJUST_DATE', 136, 'Vencimento do cliente "manoel naz. + marla" (ID: 136) ajustado em 1 MONTH(s). (2025-11-17 -> 2025-12-17) Status alterado de "cobrança feita" para "Pag. em dias".', '2025-11-17 23:08:16', NULL, 1, 0, '{"vencimento":"2025-11-17","status":"cobrança feita"}'),
(288, 'ADJUST_DATE', 192, 'Vencimento do cliente "Tatiane ind vanessa" (ID: 192) ajustado em 1 MONTH(s). (2025-11-17 -> 2025-12-17) Status alterado de "cobrança feita" para "Pag. em dias".', '2025-11-17 23:08:49', NULL, 1, 0, '{"vencimento":"2025-11-17","status":"cobrança feita"}'),
(289, 'ADJUST_DATE', 210, 'Vencimento do cliente "Irmã de helton" (ID: 210) ajustado em 1 MONTH(s). (2025-11-17 -> 2025-12-17) Status alterado de "cobrança feita" para "Pag. em dias".', '2025-11-17 23:08:50', NULL, 1, 0, '{"vencimento":"2025-11-17","status":"cobrança feita"}'),
(290, 'ADJUST_DATE', 240, 'Vencimento do cliente "Beatriz" (ID: 240) ajustado em 1 MONTH(s). (2025-11-18 -> 2025-12-18)', '2025-11-19 20:47:33', NULL, 1, 0, '{"vencimento":"2025-11-18","status":"Pag. em dias"}'),
(291, 'CHANGE_STATUS', 227, 'Status do cliente "Eliésio" (ID: 227) alterado de "Pag. em dias" para "cobrança feita".', '2025-11-19 23:24:41', NULL, 1, 0, '{"status":"Pag. em dias"}'),
(292, 'CHANGE_STATUS', 230, 'Status do cliente "Padrasto de Pedro " (ID: 230) alterado de "Pag. em dias" para "cobrança feita".', '2025-11-19 23:24:58', NULL, 1, 0, '{"status":"Pag. em dias"}'),
(293, 'CHANGE_STATUS', 244, 'Status do cliente "Joana darc" (ID: 244) alterado de "Pag. em dias" para "cobrança feita".', '2025-11-19 23:26:53', NULL, 1, 0, '{"status":"Pag. em dias"}'),
(294, 'CHANGE_STATUS', 56, 'Status do cliente "Borão" (ID: 56) alterado de "Pag. em dias" para "cobrança feita".', '2025-11-19 23:27:08', NULL, 1, 0, '{"status":"Pag. em dias"}'),
(295, 'CHANGE_STATUS', 59, 'Status do cliente "Ana jhully ind jv" (ID: 59) alterado de "Pag. em dias" para "cobrança feita".', '2025-11-19 23:27:21', NULL, 1, 0, '{"status":"Pag. em dias"}'),
(296, 'CHANGE_STATUS', 60, 'Status do cliente "Antonio sitio + celular + tv" (ID: 60) alterado de "Pag. em dias" para "cobrança feita".', '2025-11-19 23:28:07', NULL, 1, 0, '{"status":"Pag. em dias"}'),
(297, 'CHANGE_STATUS', 61, 'Status do cliente "Edvan 2 casa + irmão" (ID: 61) alterado de "Pag. em dias" para "cobrança feita".', '2025-11-19 23:29:29', NULL, 1, 0, '{"status":"Pag. em dias"}'),
(298, 'CHANGE_STATUS', 62, 'Status do cliente "Edvan tcl + carro + amiga" (ID: 62) alterado de "Pag. em dias" para "cobrança feita".', '2025-11-19 23:31:22', NULL, 1, 0, '{"status":"Pag. em dias"}'),
(299, 'CHANGE_STATUS', 128, 'Status do cliente "Alexandre pin ind silv + mãe" (ID: 128) alterado de "Pag. em dias" para "cobrança feita".', '2025-11-19 23:31:42', NULL, 1, 0, '{"status":"Pag. em dias"}'),
(300, 'CHANGE_STATUS', 148, 'Status do cliente "Bia indicação de marcos" (ID: 148) alterado de "Pag. em dias" para "cobrança feita".', '2025-11-19 23:44:12', NULL, 1, 0, '{"status":"Pag. em dias"}'),
(301, 'CHANGE_STATUS', 261, 'Status do cliente "Alexandre pin ind silv + mãe" (ID: 261) alterado de "Pag. em dias" para "cobrança feita".', '2025-11-19 23:44:54', NULL, 1, 0, '{"status":"Pag. em dias"}'),
(302, 'ADJUST_DATE', 41, 'Vencimento do cliente "helena + julia de elis" (ID: 41) ajustado em 1 MONTH(s). (2025-11-05 -> 2025-12-05) Status alterado de "cobrança feita" para "Pag. em dias".', '2025-11-20 00:18:02', NULL, 1, 0, '{"vencimento":"2025-11-05","status":"cobrança feita"}'),
(303, 'ADJUST_DATE', 42, 'Vencimento do cliente "Elisangela " (ID: 42) ajustado em 1 MONTH(s). (2025-11-05 -> 2025-12-05) Status alterado de "cobrança feita" para "Pag. em dias".', '2025-11-20 00:18:05', NULL, 1, 0, '{"vencimento":"2025-11-05","status":"cobrança feita"}'),
(304, 'ADJUST_DATE', 140, 'Vencimento do cliente "Jeremias" (ID: 140) ajustado em 1 MONTH(s). (2025-11-16 -> 2025-12-16) Status alterado de "cobrança feita" para "Pag. em dias".', '2025-11-20 00:23:01', NULL, 1, 0, '{"vencimento":"2025-11-16","status":"cobrança feita"}'),
(305, 'UPDATE_CLIENT', 230, 'Cliente "Padrasto de Pedro" (ID: 230) atualizado. Mudanças: Nome: ''Padrasto de Pedro '' -> ''Padrasto de Pedro'', Vencimento: ''2025-11-19'' -> ''2025-11-25''.', '2025-11-20 23:22:01', NULL, 1, 0, '{"id":230,"name":"Padrasto de Pedro ","vencimento":"2025-11-19T00:00:00.000Z","servico":"Core","whatsapp":"+5583988923376","observacoes":"","status":"cobrança feita","valor_cobrado":"30.00","custo":"10.00","arquivado":0}'),
(306, 'ADJUST_DATE', 244, 'Vencimento do cliente "Joana darc" (ID: 244) ajustado em 1 MONTH(s). (2025-11-19 -> 2025-12-19) Status alterado de "cobrança feita" para "Pag. em dias".', '2025-11-20 23:23:03', NULL, 1, 0, '{"vencimento":"2025-11-19","status":"cobrança feita"}'),
(307, 'ADJUST_DATE', 59, 'Vencimento do cliente "Ana jhully ind jv" (ID: 59) ajustado em 1 MONTH(s). (2025-11-20 -> 2025-12-20) Status alterado de "cobrança feita" para "Pag. em dias".', '2025-11-20 23:23:29', NULL, 1, 0, '{"vencimento":"2025-11-20","status":"cobrança feita"}'),
(308, 'ADJUST_DATE', 60, 'Vencimento do cliente "Antonio sitio + celular + tv" (ID: 60) ajustado em 1 MONTH(s). (2025-11-20 -> 2025-12-20) Status alterado de "cobrança feita" para "Pag. em dias".', '2025-11-20 23:23:38', NULL, 1, 0, '{"vencimento":"2025-11-20","status":"cobrança feita"}'),
(309, 'ADJUST_DATE', 61, 'Vencimento do cliente "Edvan 2 casa + irmão" (ID: 61) ajustado em 1 MONTH(s). (2025-11-20 -> 2025-12-20) Status alterado de "cobrança feita" para "Pag. em dias".', '2025-11-20 23:23:41', NULL, 1, 0, '{"vencimento":"2025-11-20","status":"cobrança feita"}'),
(310, 'ADJUST_DATE', 62, 'Vencimento do cliente "Edvan tcl + carro + amiga" (ID: 62) ajustado em 1 MONTH(s). (2025-11-20 -> 2025-12-20) Status alterado de "cobrança feita" para "Pag. em dias".', '2025-11-20 23:23:42', NULL, 1, 0, '{"vencimento":"2025-11-20","status":"cobrança feita"}'),
(311, 'ADJUST_DATE', 148, 'Vencimento do cliente "Bia indicação de marcos" (ID: 148) ajustado em 1 MONTH(s). (2025-11-20 -> 2025-12-20) Status alterado de "cobrança feita" para "Pag. em dias".', '2025-11-20 23:23:48', NULL, 1, 0, '{"vencimento":"2025-11-20","status":"cobrança feita"}'),
(312, 'ADJUST_DATE', 128, 'Vencimento do cliente "Alexandre pin ind silv + mãe" (ID: 128) ajustado em 1 MONTH(s). (2025-11-20 -> 2025-12-20) Status alterado de "cobrança feita" para "Pag. em dias".', '2025-11-20 23:24:05', NULL, 1, 1, '{"vencimento":"2025-11-20","status":"cobrança feita"}'),
(313, 'REVERT_ACTION', 128, 'Ação ID 312 (ADJUST_DATE) foi revertida. Ajuste de data do cliente (ID: 128) revertido para "2025-11-20".', '2025-11-20 23:24:09', NULL, 0, 0, NULL),
(314, 'CHANGE_STATUS', 128, 'Status do cliente "Alexandre pin ind silv + mãe" (ID: 128) alterado de "Pag. em dias" para "cobrança feita".', '2025-11-20 23:24:19', NULL, 1, 0, '{"status":"Pag. em dias"}'),
(315, 'CHANGE_STATUS', 66, 'Status do cliente "victor ind marcos " (ID: 66) alterado de "Pag. em dias" para "cobrança feita".', '2025-11-20 23:39:59', NULL, 1, 0, '{"status":"Pag. em dias"}'),
(316, 'CHANGE_STATUS', 212, 'Status do cliente "Gustavo ind alexandre" (ID: 212) alterado de "Pag. em dias" para "cobrança feita".', '2025-11-20 23:40:10', NULL, 1, 0, '{"status":"Pag. em dias"}'),
(317, 'CHANGE_STATUS', 243, 'Status do cliente "Jordeci" (ID: 243) alterado de "Pag. em dias" para "cobrança feita".', '2025-11-20 23:40:44', NULL, 1, 0, '{"status":"Pag. em dias"}'),
(318, 'CHANGE_STATUS', 256, 'Status do cliente "Luana Lopes" (ID: 256) alterado de "Pag. em dias" para "cobrança feita".', '2025-11-20 23:41:04', NULL, 1, 0, '{"status":"Pag. em dias"}'),
(319, 'ADJUST_DATE', 242, 'Vencimento do cliente "Genival ind Márcio " (ID: 242) ajustado em 1 MONTH(s). (2025-11-20 -> 2025-12-20)', '2025-11-20 23:41:17', NULL, 1, 0, '{"vencimento":"2025-11-20","status":"Pag. em dias"}'),
(320, 'UPDATE_CLIENT', 258, 'Cliente "Victoria" (ID: 258) atualizado. Mudanças: Vencimento: ''2025-11-08'' -> ''2025-11-05''.', '2025-11-20 23:42:09', NULL, 1, 0, '{"id":258,"name":"Victoria","vencimento":"2025-11-08T00:00:00.000Z","servico":"Core","whatsapp":"+55 21 95906-7207","observacoes":"Vencimento dia 5","status":"cobrança feita","valor_cobrado":"20.00","custo":"5.00","arquivado":0}'),
(321, 'ADJUST_DATE', 258, 'Vencimento do cliente "Victoria" (ID: 258) ajustado em 1 MONTH(s). (2025-11-05 -> 2025-12-05) Status alterado de "cobrança feita" para "Pag. em dias".', '2025-11-20 23:42:14', NULL, 1, 0, '{"vencimento":"2025-11-05","status":"cobrança feita"}'),
(322, 'ADJUST_DATE', 256, 'Vencimento do cliente "Luana Lopes" (ID: 256) ajustado em 1 MONTH(s). (2025-11-21 -> 2025-12-21) Status alterado de "cobrança feita" para "Pag. em dias".', '2025-11-21 23:08:58', NULL, 1, 0, '{"vencimento":"2025-11-21","status":"cobrança feita"}'),
(323, 'CHANGE_STATUS', 64, 'Status do cliente "Rita + hamilton" (ID: 64) alterado de "Pag. em dias" para "cobrança feita".', '2025-11-21 23:09:55', NULL, 1, 0, '{"status":"Pag. em dias"}'),
(324, 'CHANGE_STATUS', 172, 'Status do cliente "Alberto " (ID: 172) alterado de "Pag. em dias" para "cobrança feita".', '2025-11-21 23:11:04', NULL, 1, 0, '{"status":"Pag. em dias"}'),
(325, 'CHANGE_STATUS', 163, 'Status do cliente "Patty indicação alexandre" (ID: 163) alterado de "Pag. em dias" para "cobrança feita".', '2025-11-21 23:11:05', NULL, 1, 0, '{"status":"Pag. em dias"}'),
(326, 'ADJUST_DATE', 197, 'Vencimento do cliente "jose iltoncorro" (ID: 197) ajustado em 1 MONTH(s). (2025-11-22 -> 2025-12-22)', '2025-11-21 23:11:14', NULL, 1, 0, '{"vencimento":"2025-11-22","status":"Pag. em dias"}'),
(327, 'CHANGE_STATUS', 211, 'Status do cliente "Luana lana" (ID: 211) alterado de "Pag. em dias" para "cobrança feita".', '2025-11-21 23:11:16', NULL, 1, 0, '{"status":"Pag. em dias"}'),
(328, 'ADJUST_DATE', 67, 'Vencimento do cliente "madona" (ID: 67) ajustado em 1 MONTH(s). (2025-11-23 -> 2025-12-23)', '2025-11-21 23:11:20', NULL, 1, 0, '{"vencimento":"2025-11-23","status":"Pag. em dias"}'),
(329, 'CHANGE_STATUS', 83, 'Status do cliente "renato" (ID: 83) alterado de "Pag. em dias" para "cobrança feita".', '2025-11-21 23:34:20', NULL, 1, 0, '{"status":"Pag. em dias"}'),
(330, 'CHANGE_STATUS', 65, 'Status do cliente "Ruy ok" (ID: 65) alterado de "Pag. em dias" para "cobrança feita".', '2025-11-22 01:06:49', NULL, 1, 0, '{"status":"Pag. em dias"}'),
(331, 'CHANGE_STATUS', 124, 'Status do cliente "Agnaldo" (ID: 124) alterado de "Pag. em dias" para "cobrança feita".', '2025-11-22 01:06:50', NULL, 1, 0, '{"status":"Pag. em dias"}'),
(332, 'ADJUST_DATE', 65, 'Vencimento do cliente "Ruy ok" (ID: 65) ajustado em 1 MONTH(s). (2025-11-24 -> 2025-12-24) Status alterado de "cobrança feita" para "Pag. em dias".', '2025-11-22 01:06:56', NULL, 1, 0, '{"vencimento":"2025-11-24","status":"cobrança feita"}'),
(333, 'CHANGE_STATUS', 124, 'Status do cliente "Agnaldo" (ID: 124) alterado de "cobrança feita" para "Pag. em dias".', '2025-11-22 01:07:01', NULL, 1, 0, '{"status":"cobrança feita"}'),
(334, 'ADJUST_DATE', 243, 'Vencimento do cliente "Jordeci" (ID: 243) ajustado em 1 MONTH(s). (2025-11-21 -> 2025-12-21) Status alterado de "cobrança feita" para "Pag. em dias".', '2025-11-22 13:57:45', NULL, 1, 0, '{"vencimento":"2025-11-21","status":"cobrança feita"}'),
(335, 'ADJUST_DATE', 64, 'Vencimento do cliente "Rita + hamilton" (ID: 64) ajustado em 1 MONTH(s). (2025-11-22 -> 2025-12-22) Status alterado de "cobrança feita" para "Pag. em dias".', '2025-11-22 13:58:05', NULL, 1, 0, '{"vencimento":"2025-11-22","status":"cobrança feita"}'),
(336, 'CHANGE_STATUS', 124, 'Status do cliente "Agnaldo" (ID: 124) alterado de "Pag. em dias" para "cobrança feita".', '2025-11-22 21:29:22', NULL, 1, 0, '{"status":"Pag. em dias"}'),
(337, 'CHANGE_STATUS', 164, 'Status do cliente "Lucilene Irmã vanessa + kayllane sobrinha " (ID: 164) alterado de "Pag. em dias" para "cobrança feita".', '2025-11-22 21:29:41', NULL, 1, 0, '{"status":"Pag. em dias"}'),
(338, 'ADJUST_DATE', 227, 'Vencimento do cliente "Eliésio" (ID: 227) ajustado em 1 MONTH(s). (2025-11-19 -> 2025-12-19) Status alterado de "cobrança feita" para "Pag. em dias".', '2025-11-22 23:42:14', NULL, 1, 0, '{"vencimento":"2025-11-19","status":"cobrança feita"}'),
(339, 'ADJUST_DATE', 211, 'Vencimento do cliente "Luana lana" (ID: 211) ajustado em 1 MONTH(s). (2025-11-22 -> 2025-12-22) Status alterado de "cobrança feita" para "Pag. em dias".', '2025-11-22 23:42:24', NULL, 1, 0, '{"vencimento":"2025-11-22","status":"cobrança feita"}'),
(340, 'CHANGE_STATUS', 68, 'Status do cliente "Matheus ind JV" (ID: 68) alterado de "Pag. em dias" para "cobrança feita".', '2025-11-23 21:55:06', NULL, 1, 0, '{"status":"Pag. em dias"}'),
(341, 'CHANGE_STATUS', 69, 'Status do cliente "estefane + mãe" (ID: 69) alterado de "Pag. em dias" para "cobrança feita".', '2025-11-23 21:55:40', NULL, 1, 0, '{"status":"Pag. em dias"}'),
(342, 'CHANGE_STATUS', 178, 'Status do cliente "Matheus ind JV" (ID: 178) alterado de "Pag. em dias" para "cobrança feita".', '2025-11-23 21:55:48', NULL, 1, 0, '{"status":"Pag. em dias"}'),
(343, 'CHANGE_STATUS', 179, 'Status do cliente "Matheus ind JV" (ID: 179) alterado de "Pag. em dias" para "cobrança feita".', '2025-11-23 21:55:52', NULL, 1, 0, '{"status":"Pag. em dias"}'),
(344, 'UPDATE_CONFIG', NULL, 'Mensagem padrão atualizada.', '2025-11-23 23:52:57', NULL, 0, 0, NULL),
(345, 'UPDATE_CONFIG', NULL, 'Mensagem padrão atualizada.', '2025-11-23 23:58:24', NULL, 0, 0, NULL),
(346, 'UPDATE_CONFIG', NULL, 'Mensagem padrão atualizada.', '2025-11-24 00:13:30', NULL, 0, 0, NULL),
(347, 'UPDATE_CONFIG', NULL, 'Mensagem de vencido atualizada.', '2025-11-24 00:15:33', NULL, 0, 0, NULL),
(348, 'UPDATE_CLIENT', 164, 'Cliente "Lucilene Irmã vanessa + kayllane sobrinha" (ID: 164) atualizado. Mudanças: Nome: ''Lucilene Irmã vanessa + kayllane sobrinha '' -> ''Lucilene Irmã vanessa + kayllane sobrinha''.', '2025-11-24 00:19:02', NULL, 1, 0, '{"id":164,"name":"Lucilene Irmã vanessa + kayllane sobrinha ","vencimento":"2025-11-24T00:00:00.000Z","servico":"Fire","whatsapp":"+5521971563311","observacoes":"","status":"cobrança feita","valor_cobrado":"30.00","custo":"6.00","arquivado":0,"user_id":1,"deleted_at":null}'),
(349, 'UPDATE_CLIENT', 109, 'Cliente "Rayssa ind ant" (ID: 109) atualizado. Mudanças: Vencimento: ''2025-10-07'' -> ''2025-11-09''.', '2025-11-24 00:22:11', NULL, 1, 0, '{"id":109,"name":"Rayssa ind ant","vencimento":"2025-10-07T00:00:00.000Z","servico":"Fire","whatsapp":"+5583993894680","observacoes":"","status":"Não pagou","valor_cobrado":"20.00","custo":"6.00","arquivado":1,"user_id":1,"deleted_at":null}'),
(350, 'UNARCHIVE_CLIENT', 109, 'Cliente "Rayssa ind ant" (ID: 109) foi desarquivado.', '2025-11-24 00:22:16', NULL, 1, 0, '{"arquivado":true}'),
(351, 'ADJUST_DATE', 109, 'Vencimento do cliente "Rayssa ind ant" (ID: 109) ajustado em 1 MONTH(s). (2025-11-09 -> 2025-12-09) Status alterado de "Não pagou" para "Pag. em dias".', '2025-11-24 00:22:23', NULL, 1, 0, '{"vencimento":"2025-11-09","status":"Não pagou"}'),
(352, 'CHANGE_STATUS', 26, 'Status do cliente "vera slir" (ID: 26) alterado de "cobrança feita" para "Não pagou".', '2025-11-24 20:06:24', 1, 1, 0, '{"status":"cobrança feita"}'),
(353, 'CHANGE_STATUS', 26, 'Status do cliente "vera slir" (ID: 26) alterado de "Não pagou" para "cobrança feita".', '2025-11-24 20:06:27', 1, 1, 0, '{"status":"Não pagou"}'),
(354, 'ADJUST_DATE', 164, 'Vencimento do cliente "Lucilene Irmã vanessa + kayllane sobrinha" (ID: 164) ajustado em 1 MONTH(s). (2025-11-24 -> 2025-12-24) Status alterado de "cobrança feita" para "Pag. em dias".', '2025-11-24 21:07:15', 1, 1, 0, '{"vencimento":"2025-11-24","status":"cobrança feita"}'),
(355, 'ADJUST_DATE', 56, 'Vencimento do cliente "Borão" (ID: 56) ajustado em 1 MONTH(s). (2025-11-20 -> 2025-12-20) Status alterado de "cobrança feita" para "Pag. em dias".', '2025-11-24 21:07:36', 1, 1, 0, '{"vencimento":"2025-11-20","status":"cobrança feita"}'),
(356, 'ADJUST_DATE', 163, 'Vencimento do cliente "Patty indicação alexandre" (ID: 163) ajustado em 1 MONTH(s). (2025-11-22 -> 2025-12-22) Status alterado de "cobrança feita" para "Pag. em dias".', '2025-11-24 21:07:50', 1, 1, 0, '{"vencimento":"2025-11-22","status":"cobrança feita"}'),
(357, 'ADJUST_DATE', 172, 'Vencimento do cliente "Alberto " (ID: 172) ajustado em 1 MONTH(s). (2025-11-22 -> 2025-12-22) Status alterado de "cobrança feita" para "Pag. em dias".', '2025-11-24 21:08:28', 1, 1, 0, '{"vencimento":"2025-11-22","status":"cobrança feita"}'),
(358, 'CHANGE_STATUS', 246, 'Status do cliente "Sayonara Suassuna" (ID: 246) alterado de "Pag. em dias" para "cobrança feita".', '2025-11-24 22:28:31', 1, 1, 0, '{"status":"Pag. em dias"}'),
(359, 'UPDATE_CLIENT', 230, 'Cliente "Padrasto de Pedro" (ID: 230) atualizado. Mudanças: Vencimento: ''2025-11-25'' -> ''2025-11-28''.', '2025-11-24 22:32:01', 1, 1, 0, '{"id":230,"name":"Padrasto de Pedro","vencimento":"2025-11-25T00:00:00.000Z","servico":"Core","whatsapp":"+5583988923376","observacoes":"","status":"cobrança feita","valor_cobrado":"30.00","custo":"10.00","arquivado":0,"user_id":1,"deleted_at":null}'),
(360, 'ADJUST_DATE', 72, 'Vencimento do cliente "Rosangela xciptv" (ID: 72) ajustado em 1 MONTH(s). (2025-11-25 -> 2025-12-25)', '2025-11-25 11:38:24', 1, 1, 0, '{"vencimento":"2025-11-25","status":"Pag. em dias"}'),
(361, 'ADJUST_DATE', 73, 'Vencimento do cliente "irmã de rosangela" (ID: 73) ajustado em 1 MONTH(s). (2025-11-25 -> 2025-12-25)', '2025-11-25 11:38:27', 1, 1, 0, '{"vencimento":"2025-11-25","status":"Pag. em dias"}'),
(362, 'ADJUST_DATE', 74, 'Vencimento do cliente "Rosangela ateliê " (ID: 74) ajustado em 1 MONTH(s). (2025-11-25 -> 2025-12-25)', '2025-11-25 11:38:32', 1, 1, 0, '{"vencimento":"2025-11-25","status":"Pag. em dias"}'),
(363, 'CHANGE_STATUS', 141, 'Status do cliente "gelson" (ID: 141) alterado de "Pag. em dias" para "cobrança feita".', '2025-11-25 21:10:00', 1, 1, 0, '{"status":"Pag. em dias"}'),
(364, 'CHANGE_STATUS', 186, 'Status do cliente "outro marcio" (ID: 186) alterado de "Pag. em dias" para "cobrança feita".', '2025-11-25 21:46:35', 1, 1, 0, '{"status":"Pag. em dias"}'),
(365, 'CHANGE_STATUS', 232, 'Status do cliente "Isael ind kelky2" (ID: 232) alterado de "Pag. em dias" para "cobrança feita".', '2025-11-25 21:46:45', 1, 1, 0, '{"status":"Pag. em dias"}'),
(366, 'CHANGE_STATUS', 226, 'Status do cliente "Antônio filho ind ilton" (ID: 226) alterado de "Pag. em dias" para "cobrança feita".', '2025-11-25 21:46:59', 1, 1, 0, '{"status":"Pag. em dias"}'),
(367, 'CHANGE_STATUS', 255, 'Status do cliente "Alan amigo de carlos" (ID: 255) alterado de "Pag. em dias" para "cobrança feita".', '2025-11-25 21:47:07', 1, 1, 0, '{"status":"Pag. em dias"}'),
(368, 'CHANGE_STATUS', 199, 'Status do cliente "Denise fernandes" (ID: 199) alterado de "Pag. em dias" para "cobrança feita".', '2025-11-25 21:47:26', 1, 1, 0, '{"status":"Pag. em dias"}'),
(369, 'CHANGE_STATUS', 216, 'Status do cliente "Josilane + tela silvana" (ID: 216) alterado de "Pag. em dias" para "cobrança feita".', '2025-11-25 21:47:39', 1, 1, 0, '{"status":"Pag. em dias"}'),
(370, 'ADJUST_DATE', 128, 'Vencimento do cliente "Alexandre pin ind silv + mãe" (ID: 128) ajustado em 1 MONTH(s). (2025-11-20 -> 2025-12-20) Status alterado de "cobrança feita" para "Pag. em dias".', '2025-11-25 22:43:21', 1, 1, 0, '{"vencimento":"2025-11-20","status":"cobrança feita"}'),
(371, 'ADJUST_DATE', 261, 'Vencimento do cliente "Alexandre pin ind silv + mãe" (ID: 261) ajustado em 1 MONTH(s). (2025-11-20 -> 2025-12-20) Status alterado de "cobrança feita" para "Pag. em dias".', '2025-11-25 22:43:24', 1, 1, 0, '{"vencimento":"2025-11-20","status":"cobrança feita"}'),
(372, 'ADJUST_DATE', 212, 'Vencimento do cliente "Gustavo ind alexandre" (ID: 212) ajustado em 1 MONTH(s). (2025-11-21 -> 2025-12-21) Status alterado de "cobrança feita" para "Pag. em dias".', '2025-11-25 22:43:33', 1, 1, 0, '{"vencimento":"2025-11-21","status":"cobrança feita"}'),
(373, 'ADJUST_DATE', 141, 'Vencimento do cliente "gelson" (ID: 141) ajustado em 1 MONTH(s). (2025-11-26 -> 2025-12-26) Status alterado de "cobrança feita" para "Pag. em dias".', '2025-11-26 21:48:00', 1, 1, 0, '{"vencimento":"2025-11-26","status":"cobrança feita"}'),
(374, 'UPDATE_CLIENT', 141, 'Cliente "gelson" (ID: 141) atualizado.', '2025-11-26 21:48:17', 1, 1, 0, '{"id":141,"name":"gelson","vencimento":"2025-12-26T00:00:00.000Z","servico":"Fire","whatsapp":"+5588988888888","observacoes":"","status":"Pag. em dias","valor_cobrado":"20.00","custo":"6.00","arquivado":0,"user_id":1,"deleted_at":null}');

-- Estrutura da tabela `clientes`
DROP TABLE IF EXISTS `clientes`;
CREATE TABLE `clientes` (
  `id` int(11) NOT NULL AUTO_INCREMENT,
  `name` varchar(255) NOT NULL,
  `vencimento` date NOT NULL,
  `servico` varchar(255) CHARACTER SET utf8mb4 COLLATE utf8mb4_unicode_ci DEFAULT NULL,
  `whatsapp` varchar(20) DEFAULT NULL,
  `observacoes` text DEFAULT NULL,
  `status` varchar(255) DEFAULT NULL,
  `valor_cobrado` decimal(10,2) NOT NULL DEFAULT 15.00,
  `custo` decimal(10,2) NOT NULL DEFAULT 6.00,
  `arquivado` tinyint(1) NOT NULL DEFAULT 0 COMMENT 'Indica se o cliente está arquivado (soft delete)',
  `user_id` int(11) NOT NULL DEFAULT 1 COMMENT 'ID do usuário proprietário do cliente',
  `deleted_at` timestamp NULL DEFAULT NULL COMMENT 'Data de exclusão do cliente (soft delete)',
  PRIMARY KEY (`id`),
  KEY `idx_servico` (`servico`),
  KEY `idx_clientes_user_deleted` (`user_id`,`deleted_at`),
  KEY `idx_clientes_user_arquivado` (`user_id`,`arquivado`),
  KEY `idx_clientes_name_user` (`name`,`user_id`),
  KEY `idx_clientes_user_vencimento` (`user_id`,`vencimento`),
  KEY `idx_clientes_user_status` (`user_id`,`status`),
  CONSTRAINT `fk_cliente_servico_nome` FOREIGN KEY (`servico`) REFERENCES `servicos` (`nome`),
  CONSTRAINT `fk_clientes_user` FOREIGN KEY (`user_id`) REFERENCES `users` (`id`) ON DELETE CASCADE ON UPDATE CASCADE
) ENGINE=InnoDB AUTO_INCREMENT=262 DEFAULT CHARSET=utf8mb3 COLLATE=utf8mb3_general_ci;

-- Dados da tabela `clientes`
INSERT INTO `clientes` VALUES
(26, 'vera slir', '2025-11-05 00:00:00', 'Fire', '+5521992135268', 'Dois meses Venc original dia 7', 'cobrança feita', '30.00', '6.00', 0, 1, NULL),
(34, 'vanessa + sogra +filha', '2025-12-02 00:00:00', 'Core', '+5521980586038', '+ e3', 'Pag. em dias', '30.00', '6.00', 0, 1, NULL),
(41, 'helena + julia de elis', '2025-12-05 00:00:00', 'Fire', '+5588988888888', '', 'Pag. em dias', '20.00', '6.00', 0, 1, NULL),
(42, 'Elisangela ', '2025-12-05 00:00:00', 'UniTv', '+5521993542735', '', 'Pag. em dias', '20.00', '9.00', 0, 1, NULL),
(47, 'denilson', '2025-12-15 00:00:00', 'Core', '+5551999007356', '', 'Pag. em dias', '20.00', '5.00', 0, 1, NULL),
(48, 'Fabio Quintanilha', '2025-12-02 00:00:00', 'Core', '+5521967529245', '', 'Pag. em dias', '20.00', '5.00', 0, 1, NULL),
(52, 'alana + pai do eder ok2', '2025-12-12 00:00:00', 'Fire', '+5521972605005', '', 'Pag. em dias', '20.00', '3.00', 0, 1, NULL),
(56, 'Borão', '2025-12-20 00:00:00', 'Elite', '+5521992656339', '', 'Pag. em dias', '20.00', '11.00', 0, 1, NULL),
(59, 'Ana jhully ind jv', '2025-12-20 00:00:00', 'Fire', '+5584996900302', '', 'Pag. em dias', '20.00', '6.00', 0, 1, NULL),
(60, 'Antonio sitio + celular + tv', '2025-12-20 00:00:00', 'E3', '+5583982027715', '', 'Pag. em dias', '30.00', '6.00', 0, 1, NULL),
(61, 'Edvan 2 casa + irmão', '2025-12-20 00:00:00', 'E3', '+5521964630659', '', 'Pag. em dias', '30.00', '6.00', 0, 1, NULL),
(62, 'Edvan tcl + carro + amiga', '2025-12-20 00:00:00', 'E3', '+5521964630659', '', 'Pag. em dias', '20.00', '6.00', 0, 1, NULL),
(63, 'lucinha (ricardo)', '2025-12-03 00:00:00', 'Fire', '+5585996472662', 'Dia 20', 'Pag. em dias', '20.00', '6.00', 0, 1, NULL),
(64, 'Rita + hamilton', '2025-12-22 00:00:00', 'E3', '+5585982238028', '', 'Pag. em dias', '20.00', '6.00', 0, 1, NULL),
(65, 'Ruy ok', '2025-12-24 00:00:00', 'Elite', '+5591999831605', '', 'Pag. em dias', '20.00', '6.00', 0, 1, NULL),
(66, 'victor ind marcos ', '2025-11-21 00:00:00', 'Core', '+5583988331798', '', 'cobrança feita', '20.00', '6.00', 0, 1, NULL),
(67, 'madona', '2025-12-23 00:00:00', 'Fire', '+5588988888888', '', 'Pag. em dias', '12.00', '6.00', 0, 1, NULL),
(68, 'Matheus ind JV', '2025-11-25 00:00:00', 'Elite', '+5584994574035', '', 'cobrança feita', '20.00', '11.00', 0, 1, NULL),
(69, 'estefane + mãe', '2025-11-25 00:00:00', 'Fire', '+5521970261992', '', 'cobrança feita', '30.00', '6.00', 0, 1, NULL),
(70, 'lazaro lázaro', '2025-12-05 00:00:00', 'Core', '+5521975035522', '', 'Pag. em dias', '20.00', '6.00', 0, 1, NULL),
(72, 'Rosangela xciptv', '2025-12-25 00:00:00', 'Core', '+5551984662305', '', 'Pag. em dias', '20.00', '6.00', 0, 1, NULL),
(73, 'irmã de rosangela', '2025-12-25 00:00:00', 'Core', '+5551984662305', '', 'Pag. em dias', '10.00', '6.00', 0, 1, NULL),
(74, 'Rosangela ateliê ', '2025-12-25 00:00:00', 'Fire', '+5551984662305', '', 'Pag. em dias', '10.00', '6.00', 0, 1, NULL),
(76, 'lueide Patricio', '2025-12-01 00:00:00', 'Fire', '+5583988127070', '', 'Pag. em dias', '10.00', '6.00', 0, 1, NULL),
(77, 'Patricio', '2025-12-01 00:00:00', 'Fire', '+5583988127070', '', 'Pag. em dias', '40.00', '6.00', 0, 1, NULL),
(79, 'Carlos Baptista ind silv', '2025-12-01 00:00:00', 'Fire', '+5521986913181', '', 'Pag. em dias', '20.00', '6.00', 0, 1, NULL),
(81, 'pai e mae de taynara', '2025-12-01 00:00:00', 'Core', '+5588988888888', '', 'Pag. em dias', '10.00', '5.00', 0, 1, NULL),
(82, 'taynara', '2025-12-01 00:00:00', 'Fire', '+5588988888888', '', 'Pag. em dias', '10.00', '5.00', 0, 1, NULL),
(83, 'renato', '2025-11-19 00:00:00', 'UniTv', '+5541998586552', '', 'cobrança feita', '20.00', '9.00', 0, 1, NULL),
(84, 'gilson', '2025-12-05 00:00:00', 'Fire', '+5542998562826', '', 'Pag. em dias', '20.00', '6.00', 0, 1, NULL),
(85, 'gerlane', '2025-12-02 00:00:00', 'Core', '+5585998311497', '2. Meses', 'Pag. em dias', '20.00', '5.00', 0, 1, NULL),
(86, 'Jorge', '2025-12-03 00:00:00', 'Fire', '+5588988888888', '', 'Pag. em dias', '10.00', '6.00', 0, 1, NULL),
(87, 'Jaguar ', '2026-01-18 00:00:00', 'Fire', '+5588988888888', '', 'Pag. em dias', '6.00', '6.00', 0, 1, NULL),
(88, 'jose marinho junior', '2025-12-03 00:00:00', 'UniTv', '+5583999866482', '', 'Pag. em dias', '20.00', '9.00', 0, 1, NULL),
(89, 'Pedro rodrigues ind silv.', '2025-12-04 00:00:00', 'Fire', '+5521991766682', '', 'Pag. em dias', '20.00', '6.00', 0, 1, NULL),
(90, 'pai + eu', '2025-12-04 00:00:00', 'Fire', '+5588988888888', '', 'Pag. em dias', '1.00', '6.00', 0, 1, NULL),
(91, 'elane', '2025-12-04 00:00:00', 'Fire', '+5521984706007', '', 'Pag. em dias', '20.00', '6.00', 0, 1, NULL),
(92, 'djow', '2026-03-22 00:00:00', 'Core', '+5588988888888', '', 'Pag. em dias', '8.00', '8.00', 0, 1, NULL),
(93, 'pai de joabe', '2025-12-04 00:00:00', 'Core', '+5588988888888', '', 'Pag. em dias', '5.00', '5.00', 0, 1, NULL),
(94, 'weslley bruno', '2025-12-05 00:00:00', 'Fire', '+5588988888888', '', 'Pag. em dias', '10.00', '6.00', 0, 1, NULL),
(96, 'marcos pb Stick + cel', '2025-12-05 00:00:00', 'Fire', '+5583993922470', '', 'Pag. em dias', '25.00', '6.00', 0, 1, NULL),
(97, 'Helton', '2025-12-07 00:00:00', 'Fire', '+5575981728521', '', 'Pag. em dias', '20.00', '6.00', 0, 1, NULL),
(98, 'Alonso + hamilton', '2025-12-05 00:00:00', 'Fire', '+5588988888888', '', 'Pag. em dias', '8.00', '6.00', 0, 1, NULL),
(101, 'dell', '2025-12-05 00:00:00', 'Core', '+5584991890984', '', 'Pag. em dias', '20.00', '5.00', 0, 1, NULL),
(103, 'Hamilton + alonso', '2025-12-06 00:00:00', 'Fire', '+5585992081578', '', 'Pag. em dias', '15.00', '3.00', 0, 1, NULL),
(104, 'charles', '2025-12-06 00:00:00', 'Core', '+5588988888888', '', 'Pag. em dias', '30.00', '15.00', 0, 1, NULL),
(105, ' marla + manoel', '2025-12-06 00:00:00', 'E3', '+5588988888888', '', 'Pag. em dias', '10.00', '3.00', 0, 1, NULL),
(106, 'elesson ind gilson ok', '2025-11-07 00:00:00', 'E3', '+5542998407673', '', 'cobrança feita', '20.00', '6.00', 0, 1, NULL),
(107, ' camila sem adulto', '2025-12-07 00:00:00', 'Fire', '+5521966163094', '', 'Pag. em dias', '10.00', '6.00', 0, 1, NULL),
(109, 'Rayssa ind ant', '2025-12-09 00:00:00', 'Fire', '+5583993894680', '', 'Pag. em dias', '20.00', '6.00', 0, 1, NULL),
(110, 'meu pai tulio1', '2025-12-10 00:00:00', 'E3', '+5588988888888', 'pediu para pagar dia 15 teste', 'Pag. em dias', '10.00', '6.00', 0, 1, NULL),
(111, 'silvana ', '2025-12-07 00:00:00', 'Fire', '+5521990894182', '', 'Pag. em dias', '30.00', '6.00', 0, 1, NULL),
(112, 'bianca de silvana', '2025-12-07 00:00:00', 'Fire', '+5521990894182', '', 'Pag. em dias', '10.00', '6.00', 0, 1, NULL),
(113, 'carlise', '2025-12-07 00:00:00', 'Fire', '+5551991063361', '', 'Pag. em dias', '20.00', '6.00', 0, 1, NULL),
(114, 'jose marinho junior', '2025-12-07 00:00:00', 'Core', '+5583999866482', '', 'Pag. em dias', '15.00', '5.00', 0, 1, NULL),
(115, 'irmã de klebson', '2025-12-08 00:00:00', 'Fire', '+5591996269194', '', 'Pag. em dias', '30.00', '6.00', 0, 1, NULL),
(116, 'eduardo tela 3 e 4 ', '2025-12-08 00:00:00', 'Fire', '+5521970109896', '', 'Pag. em dias', '20.00', '6.00', 0, 1, NULL),
(117, 'eduardo', '2025-12-08 00:00:00', 'Fire', '+5521970109896', '', 'Pag. em dias', '30.00', '6.00', 0, 1, NULL),
(118, 'pai do eder + alana', '2025-12-08 00:00:00', 'Fire', '+5521991089353', '', 'Pag. em dias', '10.00', '3.00', 0, 1, NULL),
(119, 'EDER ', '2025-12-08 00:00:00', 'Elite', '+5521991089353', '', 'Pag. em dias', '20.00', '11.00', 0, 1, NULL),
(120, 'Patricia ', '2025-12-08 00:00:00', 'UniTv', '+5551982043414', '', 'Pag. em dias', '30.00', '9.00', 0, 1, NULL),
(121, 'carlos ind marcos samsung + fire', '2025-12-08 00:00:00', 'Core', '+5583981185681', '', 'Pag. em dias', '20.00', '5.00', 0, 1, NULL),
(122, 'Etiene', '2025-12-08 00:00:00', 'Fire', '+5588988888888', '', 'Pag. em dias', '20.00', '6.00', 0, 1, NULL),
(123, 'Eliana celular e casa', '2025-12-08 00:00:00', 'Fire', '+5588988888888', '', 'Pag. em dias', '10.00', '6.00', 0, 1, NULL),
(124, 'Agnaldo', '2025-11-24 00:00:00', 'Core', '+5561993948459', '', 'cobrança feita', '15.00', '6.00', 0, 1, NULL),
(125, 'Joseval', '2025-12-10 00:00:00', 'Elite', '+5521997360899', '', 'Pag. em dias', '30.00', '11.00', 0, 1, NULL),
(126, 'tarciso LG', '2025-12-10 00:00:00', 'Fire', '+5581971200717', '', 'Pag. em dias', '15.00', '5.00', 0, 1, NULL),
(127, 'tarciso + cel', '2025-12-10 00:00:00', 'Fire', '+5581971200717', '', 'Pag. em dias', '15.00', '6.00', 0, 1, NULL),
(128, 'Alexandre pin ind silv + mãe', '2025-12-20 00:00:00', 'UniTv', '+5521991386000', '', 'Pag. em dias', '20.00', '9.00', 0, 1, NULL),
(129, 'Alan', '2025-12-10 00:00:00', 'Elite', '+5511982307183', '', 'Pag. em dias', '20.00', '11.00', 0, 1, NULL),
(130, 'EDESIO', '2025-12-10 00:00:00', 'Core', '+5521990655913', '', 'Pag. em dias', '15.00', '6.00', 0, 1, NULL),
(131, 'Luis felipe ', '2025-12-10 00:00:00', 'Core', '+5521990655913', '', 'Pag. em dias', '15.00', '6.00', 0, 1, NULL),
(133, 'Jorge + prima de estefane', '2025-12-10 00:00:00', 'Core', '+5521982589160', '', 'Pag. em dias', '20.00', '6.00', 0, 1, NULL),
(134, 'maycon tv + maycon cel', '2025-12-11 00:00:00', 'E3', '+5588981773504', '', 'Pag. em dias', '30.00', '6.00', 0, 1, NULL),
(135, 'Maycon veio irmão', '2025-12-11 00:00:00', 'Elite', '+5588981773504', '', 'Pag. em dias', '20.00', '11.00', 0, 1, NULL),
(136, 'manoel naz. + marla', '2025-12-17 00:00:00', 'Fire', '+5591983958851', '', 'Pag. em dias', '20.00', '6.00', 0, 1, NULL),
(138, 'pai de joilson + joilson cel', '2025-12-15 00:00:00', 'E3', '+5511989258792', '', 'Pag. em dias', '10.00', '6.00', 0, 1, NULL),
(139, 'Joilson', '2025-12-15 00:00:00', 'Core', '+5511989258792', '', 'Pag. em dias', '20.00', '6.00', 0, 1, NULL),
(140, 'Jeremias', '2025-12-16 00:00:00', 'Fire', '+5511960151541', '', 'Pag. em dias', '20.00', '6.00', 0, 1, NULL),
(141, 'gelson', '2025-12-26 00:00:00', 'Fire', '+5588988888888', '', 'Pag. em dias', '10.00', '6.00', 0, 1, NULL),
(143, 'Larissa tv box', '2025-12-01 00:00:00', 'UniTv', '+5521996233099', '', 'Pag. em dias', '20.00', '9.00', 0, 1, NULL),
(144, 'Andre indicação manu', '2025-12-27 00:00:00', 'Fire', '+5594992394042', '', 'Pag. em dias', '30.00', '6.00', 0, 1, NULL),
(147, 'carlos ind marcos celular + tab', '2025-12-08 00:00:00', 'Core', '+5583981185681', '', 'Pag. em dias', '10.00', '6.00', 0, 1, NULL),
(148, 'Bia indicação de marcos', '2025-12-20 00:00:00', 'Core', '+5583991048809', '', 'Pag. em dias', '20.00', '5.00', 0, 1, NULL),
(149, 'Monica ind eder', '2025-12-04 00:00:00', 'Elite', '+5521994398551', '', 'Pag. em dias', '25.00', '11.00', 0, 1, NULL),
(152, 'Filho de elane', '2025-12-04 00:00:00', 'Elite', '+5521981253513', '', 'Pag. em dias', '20.00', '11.00', 0, 1, NULL),
(163, 'Patty indicação alexandre', '2025-12-22 00:00:00', 'E3', '+5521964306566', '', 'Pag. em dias', '20.00', '6.00', 0, 1, NULL),
(164, 'Lucilene Irmã vanessa + kayllane sobrinha', '2025-12-24 00:00:00', 'Fire', '+5521987399591', '', 'Pag. em dias', '30.00', '6.00', 0, 1, NULL),
(169, 'wellington ind borão erick', '2025-12-04 00:00:00', 'Core', '+5521990952801', '', 'Pag. em dias', '20.00', '6.00', 0, 1, NULL),
(170, 'Emerson Julia paga', '2025-12-15 00:00:00', 'Elite', '+5588981042627', '', 'Pag. em dias', '25.00', '11.00', 0, 1, NULL),
(171, 'Francielly ', '2025-11-17 00:00:00', 'E3', '+5585997350977', '', 'cobrança feita', '20.00', '1.00', 0, 1, NULL),
(172, 'Alberto ', '2025-12-22 00:00:00', 'Fire', '+5521985587968', '', 'Pag. em dias', '30.00', '6.00', 0, 1, NULL),
(173, 'Adriene', '2025-12-01 00:00:00', 'Core', '+5521987426047', '2 meses', 'Pag. em dias', '20.00', '6.00', 0, 1, NULL),
(174, 'Natanael ind bc', '2025-12-01 00:00:00', 'Core', '+5588994868074', '', 'Pag. em dias', '20.00', '5.00', 0, 1, NULL),
(175, 'Glaucilene', '2025-12-10 00:00:00', 'Elite', '+5521975779726', '+ core', 'Pag. em dias', '40.00', '22.00', 0, 1, NULL),
(176, 'Arthur ind victor Juliana paga ', '2025-10-20 00:00:00', 'Core', '+5583996311933', '', 'Não pagou', '20.00', '5.00', 1, 1, NULL),
(177, 'Camila semp', '2025-12-07 00:00:00', 'Core', '+5588988888888', '', 'Pag. em dias', '20.00', '5.00', 0, 1, NULL),
(178, 'Matheus ind JV', '2025-11-25 00:00:00', 'Core', '+5588988888888', '', 'cobrança feita', '10.00', '5.00', 0, 1, NULL),
(179, 'Matheus ind JV', '2025-11-25 00:00:00', 'E3', '+5588988888888', '', 'cobrança feita', '10.00', '3.00', 0, 1, NULL),
(180, 'Esposa de pai de Fábio ', '2025-12-13 00:00:00', 'UniTv', '+5521997439965', '', 'Pag. em dias', '20.00', '9.00', 0, 1, NULL),
(183, 'Simone Oliveira', '2025-12-15 00:00:00', 'Core', '+5583988743346', '', 'Pag. em dias', '20.00', '5.00', 0, 1, NULL),
(186, 'outro marcio', '2025-11-26 00:00:00', 'Core', '+5583986191920', '', 'cobrança feita', '20.00', '5.00', 0, 1, NULL),
(189, 'kathellyn', '2025-12-03 00:00:00', 'Elite', '+5521971806718', '', 'Pag. em dias', '25.00', '11.50', 0, 1, NULL),
(190, 'bruno coelho bc', '2025-09-12 00:00:00', 'Elite', '+5588981593427', '', 'Não pagou', '20.00', '11.50', 1, 1, NULL),
(191, 'emilson', '2025-12-06 00:00:00', 'Core', '+5585992797398', '', 'Pag. em dias', '20.00', '5.00', 0, 1, NULL),
(192, 'Tatiane ind vanessa', '2025-12-17 00:00:00', 'Core', '+5521974069887', 'verificar! 2 meses?', 'Pag. em dias', '20.00', '5.00', 0, 1, NULL),
(194, 'Bruno pb', '2025-12-16 00:00:00', 'Elite', '+5583987217385', '', 'Pag. em dias', '20.00', '11.00', 0, 1, NULL),
(195, 'Diego', '2025-12-12 00:00:00', 'Core', '+5551991836394', '', 'Pag. em dias', '25.00', '5.00', 0, 1, NULL),
(197, 'jose iltoncorro', '2025-12-22 00:00:00', 'Core', '+5575981114994', '', 'Pag. em dias', '20.00', '5.00', 0, 1, NULL),
(198, 'Samuel', '2025-12-16 00:00:00', 'Core', '+5521964213251', '', 'Pag. em dias', '20.00', '5.00', 0, 1, NULL),
(199, 'Denise fernandes', '2025-11-28 00:00:00', 'Elite', '+5521974110051', '', 'cobrança feita', '25.00', '11.50', 0, 1, NULL),
(200, 'Francisco de elane', '2025-12-05 00:00:00', 'Core', '+5521975928081', '', 'Pag. em dias', '20.00', '5.00', 0, 1, NULL),
(201, 'Fabiola', '2025-12-04 00:00:00', 'Core', '+5583991644002', '', 'Pag. em dias', '20.00', '5.00', 0, 1, NULL),
(203, 'Pedro costa', '2025-12-02 00:00:00', 'UniTv', '+5588998640391', '', 'Pag. em dias', '20.00', '9.00', 0, 1, NULL),
(206, 'filha de camila tela', '2025-12-07 00:00:00', 'Core', '+5588988888888', '', 'Pag. em dias', '10.00', '3.00', 0, 1, NULL),
(207, 'elton tela de camila', '2025-12-05 00:00:00', 'Core', '+5521974814151', '', 'Pag. em dias', '10.00', '5.00', 0, 1, NULL),
(208, 'Irmão de alexandre', '2025-12-09 00:00:00', 'Fire', '+5521993426592', '', 'Pag. em dias', '20.00', '3.00', 0, 1, NULL),
(210, 'Irmã de helton', '2025-12-17 00:00:00', 'Elite ', '+5575981509415', '', 'Pag. em dias', '20.00', '11.50', 0, 1, NULL),
(211, 'Luana lana', '2025-12-22 00:00:00', 'Core', '+5521993113431', '', 'Pag. em dias', '30.00', '10.00', 0, 1, NULL),
(212, 'Gustavo ind alexandre', '2025-12-21 00:00:00', 'Core', '+5521970570810', '', 'Pag. em dias', '20.00', '5.00', 0, 1, NULL),
(213, 'Luana Fernanda', '2025-09-22 00:00:00', 'Core', '+5521975284286', '', 'Não pagou', '20.00', '5.00', 1, 1, NULL),
(216, 'Josilane + tela silvana', '2025-11-28 00:00:00', 'Core', '+5521983136311', '', 'cobrança feita', '10.00', '5.00', 0, 1, NULL),
(217, 'Marcio', '2025-12-11 00:00:00', 'Core', '+5571981704749', 'Dia 11', 'Pag. em dias', '20.00', '5.00', 0, 1, NULL),
(218, 'Jucelino', '2025-12-02 00:00:00', 'Core', '+5511947086320', '', 'Pag. em dias', '30.00', '10.00', 0, 1, NULL),
(219, 'Janaina f.', '2025-11-08 00:00:00', 'Core', '+5521968395175', '', 'cobrança feita', '20.00', '5.00', 0, 1, NULL),
(220, 'Romulo victor', '2025-12-10 00:00:00', 'E3', '+5521972416639', '12:b4:73:80:09:EA antes elite', 'Pag. em dias', '20.00', '6.00', 0, 1, NULL),
(221, 'Anacleto ind irmão de alexandre', '2025-12-13 00:00:00', 'Core', '+5583988357424', '', 'Pag. em dias', '30.00', '10.00', 0, 1, NULL),
(222, 'vinicius santana', '2025-12-07 00:00:00', 'Core', '+5545999410948', '2 meses', 'Pag. em dias', '30.00', '10.00', 0, 1, NULL),
(223, 'Rondinei + mãe dele', '2025-12-10 00:00:00', 'Core', '+5575983442479', '', 'Pag. em dias', '30.00', '10.00', 0, 1, NULL),
(224, 'Filho de Eladio', '2025-09-06 00:00:00', 'Elite', '+5588988888888', '', 'Não pagou', '15.00', '11.50', 1, 1, NULL),
(225, 'Jeana', '2025-12-10 00:00:00', 'Elite', '+5521968232030', '+ core', 'Pag. em dias', '35.00', '16.50', 0, 1, NULL),
(226, 'Antônio filho ind ilton', '2025-11-27 00:00:00', 'Core', '+5575981157862', '', 'cobrança feita', '30.00', '10.00', 0, 1, NULL),
(227, 'Eliésio', '2025-12-19 00:00:00', 'Core', '+5521973648522', '', 'Pag. em dias', '20.00', '5.00', 0, 1, NULL),
(228, 'Vitor Emanuel ', '2025-12-10 00:00:00', 'Elite', '+5583998554469', '', 'Pag. em dias', '25.00', '11.50', 0, 1, NULL),
(229, 'Jonathan ind edu barba', '2025-12-02 00:00:00', 'Elite', '+5521965802041', '', 'Pag. em dias', '25.00', '11.50', 0, 1, NULL),
(230, 'Padrasto de Pedro', '2025-11-28 00:00:00', 'Core', '+5583988923376', '', 'cobrança feita', '30.00', '10.00', 0, 1, NULL),
(232, 'Isael ind kelky2', '2025-11-26 00:00:00', 'Core', '+5521991393826', '', 'cobrança feita', '20.00', '5.00', 0, 1, NULL),
(233, 'Davi Oliveira', '2025-12-01 00:00:00', 'Core', '+5575983133739', '', 'Pag. em dias', '20.00', '5.00', 0, 1, NULL),
(234, 'Marcelo irm de Carlos', '2025-12-02 00:00:00', 'Core', '+5583991176759', '', 'Pag. em dias', '20.00', '5.00', 0, 1, NULL),
(235, 'Thamyres ind Luiz felipe', '2025-11-07 00:00:00', 'Core', '+5521968538588', '+55 21 96853-8588', 'Não pagou', '20.00', '5.00', 1, 1, NULL),
(236, 'Sivanildo', '2025-12-05 00:00:00', 'Core', '+5575982724803', '', 'Pag. em dias', '20.00', '5.00', 0, 1, NULL),
(237, 'Lucio Flávio indicação hiago', '2025-12-11 00:00:00', 'Core', '+5583988506238', '', 'Pag. em dias', '20.00', '5.00', 0, 1, NULL),
(238, 'Luiz carlos felipe', '2025-12-11 00:00:00', 'Core', '+5521973620958', '', 'Pag. em dias', '20.00', '5.00', 0, 1, NULL),
(239, 'Arthur irmão elane', '2025-12-10 00:00:00', 'Core', '+5521986024804', '', 'Pag. em dias', '20.00', '5.00', 0, 1, NULL),
(240, 'Beatriz', '2025-12-18 00:00:00', 'Fire', '+5521966074282', '+55 21 96607-4282', 'Pag. em dias', '20.00', '6.00', 0, 1, NULL),
(241, 'Lindalva', '2025-12-17 00:00:00', 'Core', '+5521978841442', '+55 21 97884-1442', 'Pag. em dias', '20.00', '5.00', 0, 1, NULL),
(242, 'Genival ind Márcio ', '2025-12-20 00:00:00', 'Core', '+5571992144656', '+55 71 9214-4656', 'Pag. em dias', '20.00', '5.00', 0, 1, NULL),
(243, 'Jordeci', '2025-12-21 00:00:00', 'Core', '+5591988762269', '+55 91 8876-2269', 'Pag. em dias', '40.00', '15.00', 0, 1, NULL),
(244, 'Joana darc', '2025-12-19 00:00:00', 'Core', '+5583994028159', '', 'Pag. em dias', '15.00', '5.00', 0, 1, NULL),
(246, 'Sayonara Suassuna', '2025-11-25 00:00:00', 'Core', '5583993818800', '', 'cobrança feita', '30.00', '10.00', 0, 1, NULL),
(255, 'Alan amigo de carlos', '2025-11-27 00:00:00', 'Core', '5583996827832', '', 'cobrança feita', '20.00', '5.00', 0, 1, NULL),
(256, 'Luana Lopes', '2025-12-21 00:00:00', 'UniTv', '5588981061405', '', 'Pag. em dias', '20.00', '9.00', 0, 1, NULL),
(257, 'Luciano de juscelino', '2025-11-08 00:00:00', 'Core', '5588988888888', '', 'cobrança feita', '10.00', '5.00', 0, 1, NULL),
(258, 'Victoria', '2025-12-05 00:00:00', 'Core', '+5521959067207', 'Vencimento dia 5', 'Pag. em dias', '20.00', '5.00', 0, 1, NULL),
(259, 'Nega egigenia', '2025-12-07 00:00:00', 'Core', '5521990852740', '', 'Pag. em dias', '20.00', '5.00', 0, 1, NULL),
(260, 'Raimundo antonio ind helton', '2025-12-06 00:00:00', 'Core', '5575991012209', '', 'Pag. em dias', '20.00', '5.00', 0, 1, NULL),
(261, 'Alexandre pin ind silv + mãe', '2025-12-20 00:00:00', 'Fire', '5588988888888', '', 'Pag. em dias', '10.00', '3.00', 0, 1, NULL);

-- Estrutura da tabela `config`
DROP TABLE IF EXISTS `config`;
CREATE TABLE `config` (
  `id` int(11) NOT NULL AUTO_INCREMENT,
  `whatsapp_message` text DEFAULT NULL,
  `whatsapp_message_vencido` text DEFAULT NULL,
  PRIMARY KEY (`id`)
) ENGINE=InnoDB AUTO_INCREMENT=2 DEFAULT CHARSET=utf8mb3 COLLATE=utf8mb3_general_ci;

-- Dados da tabela `config`
INSERT INTO `config` VALUES
(1, 'Olá! Estou passando pra lembrar que seu vencimento está próximo. Não deixe pra depois, faça seu pagamento contando com a comodidade de nosso site, é só clicar em:  https://cinepremiumedit.domcloud.dev 

_Atenção!!! para não sofrermos bloqueios em nosso sistema de pagamentos, REFORMULAMOS O SITE. Nada mudou quanto aos valores, quando for pagar escolha seu valor de pagamento e conclua normalmente_


*Esta é sua data de vencimento:*', 'Olá! Estou passando pra lembrar que o vencimento do seu acesso já passou. Não deixe pra depois, faça seu pagamento contando com a comodidade de nosso site, é só clicar em: https://cinepremiumedit.domcloud.dev.

*_Esta é sua data de vencimento:_*');

-- Estrutura da tabela `refresh_tokens`
DROP TABLE IF EXISTS `refresh_tokens`;
CREATE TABLE `refresh_tokens` (
  `id` int(11) NOT NULL AUTO_INCREMENT,
  `user_id` int(11) NOT NULL,
  `token` varchar(500) NOT NULL,
  `expires_at` datetime NOT NULL,
  `created_at` timestamp NULL DEFAULT current_timestamp(),
  `revoked` tinyint(1) DEFAULT 0,
  `replaced_by_token` varchar(500) DEFAULT NULL,
  `token_hash` varchar(64) DEFAULT NULL COMMENT 'Hash SHA-256 do refresh token para armazenamento seguro',
  PRIMARY KEY (`id`),
  UNIQUE KEY `token` (`token`),
  KEY `idx_user_id` (`user_id`),
  KEY `idx_refresh_tokens_hash_user` (`token_hash`,`user_id`),
  KEY `idx_refresh_tokens_revoked_expires` (`revoked`,`expires_at`),
  CONSTRAINT `refresh_tokens_ibfk_1` FOREIGN KEY (`user_id`) REFERENCES `users` (`id`) ON DELETE CASCADE
) ENGINE=InnoDB AUTO_INCREMENT=129 DEFAULT CHARSET=utf8mb4 COLLATE=utf8mb4_unicode_ci COMMENT='Armazena refresh tokens JWT para renovação automática';

-- Dados da tabela `refresh_tokens`
INSERT INTO `refresh_tokens` VALUES
(125, 10, 'eyJhbGciOiJIUzI1NiIsInR5cCI6IkpXVCJ9.eyJpZCI6MTAsInR5cGUiOiJyZWZyZXNoIiwiaWF0IjoxNzYzOTQxOTQ0LCJleHAiOjE3NjQ1NDY3NDR9.CRgO6b2DAa5T4RRRNaRnVUhx0nzsDqItL-Ko00p61f0', '2025-11-30 23:52:24', '2025-11-23 23:52:24', 0, NULL, NULL),
(126, 10, 'eyJhbGciOiJIUzI1NiIsInR5cCI6IkpXVCJ9.eyJpZCI6MTAsInR5cGUiOiJyZWZyZXNoIiwiaWF0IjoxNzYzOTQzMTQ1LCJleHAiOjE3NjQ1NDc5NDV9.jKmF3BMaWCtoa6ZlaHzI9wMAE2JIzgg_Q0d5XLrxRSs', '2025-12-01 00:12:25', '2025-11-24 00:12:25', 0, NULL, NULL),
(127, 10, 'eyJhbGciOiJIUzI1NiIsInR5cCI6IkpXVCJ9.eyJpZCI6MTAsInR5cGUiOiJyZWZyZXNoIiwiaWF0IjoxNzYzOTQzMjI4LCJleHAiOjE3NjQ1NDgwMjh9.0VxbF9gefBkTjTWlupd64wKGHosORd6lE5UwVIDIO5E', '2025-12-01 00:13:48', '2025-11-24 00:13:48', 0, NULL, NULL),
(128, 10, 'eyJhbGciOiJIUzI1NiIsInR5cCI6IkpXVCJ9.eyJpZCI6MTAsInR5cGUiOiJyZWZyZXNoIiwiaWF0IjoxNzY0MDExMjg2LCJleHAiOjE3NjQ2MTYwODZ9.fFUhNgOKN5JxVPoOfWQOsmWUUcD6_7aL1WNadBKdBNE', '2025-12-01 19:08:06', '2025-11-24 19:08:06', 0, NULL, NULL);

-- Estrutura da tabela `servicos`
DROP TABLE IF EXISTS `servicos`;
CREATE TABLE `servicos` (
  `id` int(11) NOT NULL AUTO_INCREMENT,
  `nome` varchar(255) NOT NULL,
  `user_id` int(11) NOT NULL DEFAULT 1 COMMENT 'ID do usuário proprietário do serviço',
  PRIMARY KEY (`id`),
  UNIQUE KEY `nome` (`nome`),
  KEY `idx_servicos_user_id` (`user_id`),
  CONSTRAINT `fk_servicos_user` FOREIGN KEY (`user_id`) REFERENCES `users` (`id`) ON DELETE CASCADE ON UPDATE CASCADE
) ENGINE=InnoDB AUTO_INCREMENT=18 DEFAULT CHARSET=utf8mb4 COLLATE=utf8mb4_unicode_ci;

-- Dados da tabela `servicos`
INSERT INTO `servicos` VALUES
(1, 'Core', 1),
(2, 'Fire', 1),
(3, 'Elite', 1),
(4, 'UniTv', 1),
(5, 'E3', 1);

-- Estrutura da tabela `users`
DROP TABLE IF EXISTS `users`;
CREATE TABLE `users` (
  `id` int(11) NOT NULL AUTO_INCREMENT,
  `name` varchar(100) NOT NULL,
  `email` varchar(100) NOT NULL,
  `password` varchar(255) NOT NULL,
  `recovery_code` varchar(255) DEFAULT NULL COMMENT 'Hash bcrypt do código de recuperação',
  `first_login_completed` tinyint(1) DEFAULT 0 COMMENT 'Se o usuário completou o primeiro login com código',
  `recovery_code_created_at` datetime DEFAULT NULL COMMENT 'Data de criação do código de recuperação',
  PRIMARY KEY (`id`),
  UNIQUE KEY `email` (`email`),
  KEY `idx_users_recovery_code` (`recovery_code`),
  KEY `idx_users_first_login` (`first_login_completed`)
) ENGINE=InnoDB AUTO_INCREMENT=28 DEFAULT CHARSET=utf8mb3 COLLATE=utf8mb3_general_ci COMMENT='Tabela de usuários com sistema de autenticação e recovery code';

-- Dados da tabela `users`
INSERT INTO `users` VALUES
(1, 'Julio aparecido borges junior', 'usuario@exemplo.com', '$2a$10$vXCoUQcc83hK4jXk3GQOvuHl0M3GgdYj70Xwqp.RqMIt75/rlvCcO', NULL, 1, NULL),
(10, 'admin', 'admin@exemplo.com', '$2a$10$9uTuF5JG19WKIbeZiLA5SOgScNH9k2oCJ8z4WpMVYUCklMB/laSLm', NULL, 1, NULL),
(13, 'julio', 'admin2@exemplo.com', '$2a$10$12jMpCcVkt5E1rBf91irBOdxvCGXBJBPxhQAr1bicJTJQaWVMhD/C', NULL, 1, NULL);

SET FOREIGN_KEY_CHECKS=1;
